,trip_history_id,trip_origin,trip_destination,trip_mode,actual_origin_latitude,actual_origin_longitude,actual_destination_latitude,actual_destination_longitude,actual_departure_time,actual_arrival_time,actual_travel_time,actual_distance,fuel_economy,fes,average_speed,total_mileage,>40mph,>70mph,>1 accel,>5 accel,>5 deccel,Neg Jerk,Pos Jerk,95th Jerk,98th Jerk,%error
1,0401d4aa-eeca-437c-8a4d-f3a6289a4760,"3065 Oliver Street Northwest (38.9667003974681, -77.0598349069031)","Beauvoir, The National Cathedral Elementary School (38.9298955, -77.0677969)",drive,38.9667004,-77.05983491,38.9310609,-77.06857717,2018-07-03 12:16:22.607+00,2018-07-03 12:31:33.32+00,15,5928.788663,18.86748107,68.73047794,17.43466749,3.684339073,0,0,0.268935236,0.048298573,0.001097695,0.441273326,0.408342481,4.875328763,7.005251029,0
2,049e74ff-3b92-484b-9dd5-6fdfde183694,"8136 Paint Branch Dr, College Park, MD 20742, USA (38.9892021, -76.9371845)","9308 Cherry Hill Road, College Park, MD, USA (39.0177688598633, -76.9381561279297)",drive,38.98922348,-76.93720245,39.01815796,-76.93658447,2018-06-09 14:38:32+00,2018-06-09 14:49:53+00,9,5732,21.73856892,42.78415184,24.95194942,3.566229609,0.075980392,0,0.490196078,0.431372549,0.00245098,0.512254902,0.490196078,112.5984361,129.6456818,0
3,064f2c0b-a6c7-4c8d-bfd7-ace046312ecc,"5201-5299 Greenbelt Road (38.9980426362872, -76.9186252887553)","777 North Capitol St NE (38.8998406, -77.0084755)",drive,38.99805933,-76.91783032,38.90192486,-77.00759329,2018-05-01 14:30:25.815+00,2018-05-01 15:00:09.594+00,29,19622.40297,26.26716981,65.93710678,30.1787699,12.1857349,0.304932735,0,0.290358744,0.124439462,0.000560538,0.444506726,0.44338565,22.92323569,45.96260196,0
4,0687cb11-03d6-4dd0-8534-afdf97653b54,"5316 South Center Drive (39.0024620301628, -76.9151553612181)","387 Technology Dr (38.9924213, -76.9387364)",drive,39.002493,-76.91514248,38.99422837,-76.93591685,2018-05-22 13:05:55.3+00,2018-05-22 13:32:54.13+00,26,4506.511615,13.30517403,72.26389626,8.463420929,2.797289013,0,0,0.322257053,0.1830721,0.000626959,0.4,0.435109718,28.59580367,44.31102999,0.003747658
5,0ae0d020-594d-44dc-b8b0-fb1af3272471,"5316 South Center Drive (39.0024315344785, -76.9151695174421)","Sam's Club (39.1514143, -77.2121458)",drive,39.00240503,-76.91519323,39.15109483,-77.21374335,2018-05-27 15:07:24.675+00,2018-05-27 15:35:02.319+00,27,40188.99475,29.94534842,90.54262448,55.61406835,24.95669788,0.722532588,0.278708876,0.427684668,0.284295469,0.000620732,0.503414029,0.494103042,93.54331452,121.6981757,0.004326329
6,0d8d414f-4544-4572-a2c4-874993c31eb5,"8314 Paint Branch Dr, College Park, MD 20742, USA (38.9935738, -76.9366986)","9348 Cherry Hill Rd, College Park, MD 20740, USA (39.0170364379883, -76.939697265625)",drive,38.99356079,-76.93674469,39.01860046,-76.93796539,2018-06-11 15:12:01+00,2018-06-11 15:23:45+00,8,3944,27.23107656,99,5.627838631,2.450232733,0,0,0.35483871,0.193548387,0.010752688,0.440860215,0.462365591,29.85564593,45.00000435,0
7,0e6ad030-bb0b-44ef-85af-4f2511698eaa,"South Road (38.930392591319, -77.0688630548092)","Ronald Reagan Washington National Airport (DCA) (38.851242, -77.0402315)",drive,38.93039259,-77.06886305,38.85316063,-77.04446105,2018-07-03 12:42:04.167+00,2018-07-03 13:08:30.679+00,26,14323.33064,25.48002272,99,25.73525881,8.896667469,0.166085136,0,0.212142359,0.028611305,0.000697837,0.401256106,0.400558269,4.019028948,7.690289003,0.011724138
8,11a509b3-ab65-48bd-bea4-e26c7037bffa,"4155 Terrapin Trail (38.9957351, -76.9458456)","402 Ridge Rd (39.0112394, -76.8899632)",drive,38.99255765,-76.93939911,39.01109408,-76.88917308,2018-05-08 22:34:28.793+00,2018-05-08 23:36:22.697+00,61,8497.318921,23.38661557,100,8.794398202,5.443098593,0.0342827,0,0.174050633,0.067510549,0.000527426,0.335970464,0.362869198,16.48130073,31.95407158,0.015576324
9,12a5c497-e101-428d-a19a-a436ab628d5c,"8235 Greenbelt Station Parkway (39.0036953520393, -76.9157487340988)","387 Technology Dr (38.9924213, -76.9387364)",drive,39.00332157,-76.91586187,38.99309872,-76.93726395,2018-05-08 17:39:18.72+00,2018-05-08 17:45:22.194+00,6,3894.496748,25.82544477,100,28.49217135,2.417570483,0.225274725,0,0.318681319,0.156593407,0.002747253,0.464285714,0.42032967,30.6824195,58.6811105,0
10,16284ac8-32f8-4f0d-b8a3-5d1f6203eb0c,"4043 Wisconsin Avenue (38.9419116775362, -77.0763007512104)","3067 Oliver Street Northwest (38.9668467, -77.0598343)",drive,38.94529615,-77.07821524,38.96649733,-77.06144324,2018-07-03 22:04:22.195+00,2018-07-03 22:10:52.226+00,6,2862.311928,20.02749477,86.57684266,18.61513685,1.77928478,0,0,0.268041237,0.036082474,0.00257732,0.463917526,0.432989691,4.060039018,6.502625361,0
11,18fc4296-d924-4fe1-9015-46adbef61d4c,"5640 Nicholson Lane (39.0442447, -77.1130095)","4524 Chestnut Street (38.9934069, -77.091408)",drive,39.04454041,-77.11294281,38.99362416,-77.09137215,2018-05-03 21:35:07.31+00,2018-05-03 22:00:49.4+00,25,6295.567037,11.09760059,20,19.90801679,3.916071792,0.078947368,0,0.339473684,0.176315789,0.002631579,0.457894737,0.478947368,39.41437309,60.34711924,0
12,1b0f8b35-2bbd-4cdd-91d5-cf0349a4cf33,"9640 Liberia Avenue (38.7481274443443, -77.4503646410106)","14700 Potomac Mills Road (38.6302654, -77.2959854)",drive,38.74806377,-77.45036751,38.63154455,-77.2954998,2018-05-18 14:19:09.341+00,2018-05-18 14:47:24.526+00,28,22557.18119,27.47938564,92.87523638,38.06573599,14.0110198,0.438461538,0,0.244378698,0.116568047,0.000591716,0.398224852,0.406508876,29.88236413,57.47422928,0
13,1c15076d-0de6-45b4-bcd7-f541b187d7a3,"5301 Smiths Cove Lane (39.0025858073526, -76.9152183227039)","387 Technology Dr (38.9924213, -76.9387364)",drive,39.0026523,-76.91528708,38.99310271,-76.93726403,2018-05-08 13:39:05.687+00,2018-05-08 13:47:53.229+00,8,4170.461479,23.85879068,78.8730328,23.00560187,2.589124647,0.087548638,0,0.289883268,0.142023346,0.001945525,0.375486381,0.39688716,24.76050086,46.7034155,0.003875969
14,1c5fd4b2-8525-45d7-8415-fb7b10b5de0d,"N St SE, Washington, DC 20303, USA (38.8745634, -77.0050971)","5342 S Center Dr, Greenbelt, MD 20770, USA (39.0020866394043, -76.9143142700195)",drive,38.87452316,-77.00511169,39.00162888,-76.91911316,2018-06-11 19:50:07+00,2018-06-11 20:37:27+00,47,22944,58.33647842,99,16.63952531,14.26259691,0,0,0.3,0.158536585,0.002439024,0.358536585,0.382926829,24.57185277,43.23031914,0
15,1d7faba1-fd61-4fe4-96ef-7b840a4ee235,"5316 South Center Drive (39.0025238118793, -76.9151638292399)","387 Technology Dr (38.9924213, -76.9387364)",drive,39.00253861,-76.91517332,38.99313093,-76.93726458,2018-07-10 13:02:31.689+00,2018-07-10 13:15:04.117+00,12,4282.118595,21.77334021,99,17.78705492,2.658331792,0.04,0,0.205925926,0.028148148,0.001481481,0.391111111,0.361481481,4.553807801,7.182416019,0.02173913
16,1da85a77-2a3a-4f39-ba5d-a42e5940d360,"5340 S Center Dr, Greenbelt, MD 20770, USA (39.0025313, -76.9152429)","8300 Baltimore Avenue (38.992541, -76.933663)",drive,39.0025177,-76.91529846,38.99293518,-76.93392181,2018-06-20 13:14:01+00,2018-06-20 13:28:53+00,14,2783,20.63527157,95.92725493,14.75482985,1.731950598,0,0,0.293103448,0.15270936,0.002463054,0.325123153,0.406403941,32.50328398,46.31168427,0
17,1e3d81c6-129a-41d3-9b25-6aff16f9d5c1,"8204 Baltimore Avenue (38.9928212779938, -76.9350941761549)","Mazza GrandMarc Apartments (39.0107999, -76.9307337)",drive,38.9930679,-76.93606429,39.01071243,-76.92904671,2018-05-24 21:47:53.751+00,2018-05-24 21:58:59.304+00,11,4094.96263,18.74927555,66.91193146,17.64956625,2.544044442,0.022590361,0,0.379518072,0.263554217,0.001506024,0.444277108,0.472891566,49.88025278,66.22703916,0
18,1fe6d20d-011b-412b-84e8-1dd6764991ec,"4777 St Marys St, Beltsville, MD 20705, USA (39.0330844, -76.9111857)","5342 S Center Dr, Greenbelt, MD 20770, USA (39.0020866394043, -76.9143142700195)",drive,39.03269196,-76.90922546,39.00265121,-76.91590881,2018-06-13 23:24:09+00,2018-06-13 23:37:18+00,12,6726,26.00127374,99,24.05194056,4.181944101,0.0325,0,0.385,0.1975,0.0025,0.4975,0.4825,28.76148572,50.71850884,0
19,25bf5581-846b-4f2d-aaf2-853a79282a76,"5314 South Center Drive (39.0025505045792, -76.9152594779222)","387 Technology Dr (38.9924213, -76.9387364)",drive,39.00246565,-76.91518081,38.99309913,-76.93726396,2018-06-07 17:25:43.815+00,2018-06-07 17:35:22.21+00,9,4258.58016,23.56872123,73.93568051,24.68084502,2.643827147,0.094474153,0,0.262032086,0.147950089,0.001782531,0.37254902,0.340463458,29.36679747,57.8989548,0.003552398
20,26d807aa-c242-49fe-9373-6f0a8a51bcec,"12331 Georgia Avenue (39.0602087416119, -77.0489251893731)","8314 Paint Branch Drive (38.992952, -76.937658)",drive,39.06020124,-77.04888202,38.99425848,-76.93729398,2018-05-29 15:27:00.244+00,2018-05-29 16:02:00.235+00,35,19844.93545,25.3381057,45.29123772,31.86794575,12.32107232,0.217203268,0.007688611,0.375300336,0.328688131,0.000480538,0.398846708,0.531475252,102.6378071,123.4685177,0
21,26ebee3b-fc56-4039-af74-4d573a17c0aa,"10300-10326 Rhode Island Avenue (39.0235084528467, -76.9182250835718)","Seoulia Korean Restaurant (39.0340594, -76.9136913)",drive,39.02491083,-76.91755799,39.032749,-76.91384052,2018-05-16 22:01:02.125+00,2018-05-16 22:05:25.226+00,4,1022.758976,19.4659394,77.9375292,17.37714147,0.636195388,0,0,0.183206107,0.114503817,0.003816794,0.282442748,0.347328244,42.10138161,53.36811414,0
22,28f28300-f614-4576-a3cb-db4384634070,"4467 Technology Drive (38.9927943935981, -76.9384678826453)","5342 S Center Dr (39.002088, -76.914318)",drive,38.99275148,-76.93849881,39.00253204,-76.91591719,2018-05-07 16:39:18.905+00,2018-05-07 16:48:15.211+00,8,4182.398724,24.57363875,91.04065957,26.99330687,2.59319269,0.125498008,0,0.280876494,0.161354582,0.001992032,0.362549801,0.356573705,39.40288872,60.32021307,0.007905138
23,2ccd61e5-6ded-4b19-b835-7cbbb670512e,"10925-10929 Baltimore Ave, Beltsville, MD 20705, USA (39.0329535, -76.9098142)","9308 Cherry Hill Road, College Park, MD, USA (39.0177688598633, -76.9381561279297)",drive,39.03295135,-76.90981293,39.0181427,-76.93650055,2018-06-10 17:20:41+00,2018-06-10 17:29:11+00,8,3589,21.93517584,46.13065261,22.72931791,2.232167584,0.056547619,0,0.3125,0.1875,0.00297619,0.395833333,0.422619048,38.2480352,64.74475692,0
24,2d3a030a-c9e2-42c0-992b-bfd878499f95,"12019 Georgia Avenue (39.0522665949902, -77.0501758531453)","5342 N Center Dr (39.0024313, -76.9156795)",drive,39.05228705,-77.05024894,39.00158924,-76.91696017,2018-06-25 00:41:44.882+00,2018-06-25 01:04:59.172+00,23,21552.57835,27.39363982,90.9697737,38.57749788,13.37833862,0.408470926,0,0.35678392,0.166547021,0.000717875,0.483129935,0.450825556,48.24475242,87.79528484,0.001433692
25,2fca3a04-4217-44e4-974d-204155db0eff,"4850-4868 Cherry Hill Rd, College Park, MD 20740, USA (39.0146521, -76.9283192)","Da Rae Won (39.0413282, -76.9063958)",drive,39.01523972,-76.92741394,39.04121017,-76.90480042,2018-06-10 15:58:45+00,2018-06-10 16:07:28+00,8,3687,21.70427674,42.20045512,23.79905827,2.296734544,0.03125,0,0.301136364,0.204545455,0.002840909,0.389204545,0.40625,41.90125077,67.2664107,0
26,301204b7-ecd8-41cf-bdec-1a1ca8c85786,"6010-6016 Westchester Park Drive (38.9919385174653, -76.8999294006051)","12331 Georgia Avenue (39.060176, -77.0485742)",drive,38.99246418,-76.899031,39.05950772,-77.05004526,2018-05-29 14:10:23.358+00,2018-05-29 14:31:35.281+00,21,21180.41333,28.91316539,100,39.31998565,13.1478435,0.421011058,0.007109005,0.415481833,0.251184834,0.000789889,0.5,0.492890995,79.02067899,129.7132669,0
27,3183392d-00e0-4cb0-8d35-5d83cedd7cb4,"6030-6098 Westchester Park Drive (38.9925345126903, -76.8987172935874)","8314 Paint Branch Drive (38.992952, -76.937658)",drive,38.99255924,-76.89874462,38.9917019,-76.93727857,2018-05-30 13:47:02.024+00,2018-05-30 13:56:41.198+00,9,6456.301314,23.99699465,81.22544081,25.60782249,4.012177076,0.275086505,0,0.26816609,0.025951557,0.001730104,0.517301038,0.470588235,4.027230841,6.118767796,0
28,31a9dd66-2200-40db-af2f-ea6c04ccf105,"14716 Potomac Mills Road (38.6301637521632, -77.2956195584334)","5532 Eastbourne Drive (38.799208, -77.2428278)",drive,38.63033121,-77.29548117,38.79866087,-77.24435316,2018-05-16 20:39:10.022+00,2018-05-16 21:20:22.472+00,41,27921.42147,23.25470194,68.59067136,25.67690831,17.34741561,0.350558082,0.001653576,0.297643654,0.175692435,0.000413394,0.479536999,0.506407606,79.90786204,110.8308382,0.003296251
29,320b2161-d100-4726-98f2-2e32066937c0,"9717-9721 Baltimore Avenue (39.0148789482555, -76.9274547324301)","NTB-National Tire & Battery (39.1768994, -77.2712968)",drive,39.01894287,-76.92629518,39.17569337,-77.27162432,2018-05-29 21:02:22.378+00,2018-05-29 21:56:07.208+00,53,51743.12555,27.49443947,54.51838581,43.74666029,32.11779115,0.470186335,0.127950311,0.196583851,0.020807453,0.000310559,0.42484472,0.415838509,2.263775719,4.002624871,0
30,326c798f-44ee-4f64-9639-4326fe001911,"5026 Dana Place Northwest (38.9259437704821, -77.1002841275903)","National Postal Museum (38.8980972, -77.0082378)",drive,38.92595722,-77.10024524,38.89773841,-77.00981677,2018-07-04 16:49:51.975+00,2018-07-04 17:22:52.22+00,33,11026.40548,19.45451732,77.76180487,16.46310621,6.842322133,0.002543235,0,0.192777213,0.023906409,0.000508647,0.388606307,0.367243133,3.505577884,6.347769033,0.000508388
31,3287295f-605d-4533-8cf2-b72ec2522876,"5345 Ridge Road (39.2023107502975, -77.2526753415142)","University of MD (38.9869183, -76.9425543)",drive,39.20099371,-77.25629518,38.98956408,-76.94230665,2018-05-02 11:53:10.408+00,2018-05-02 13:13:52.495+00,80,36359.07487,4563.082892,100,46.20523835,22.44628258,1,0,0.444444444,0.111111111,0.111111111,0.777777778,0.444444444,3.582672535,3.854324445,0.1
32,341b45b8-2b77-4a20-97f8-d09991ed6367,"Berwyn House Rd, College Park, MD 20740, USA (38.9929482, -76.9339503)","5342 S Center Dr, Greenbelt, MD 20770, USA (39.0020866394043, -76.9143142700195)",drive,38.99300385,-76.9340744,39.00251389,-76.91580963,2018-06-13 22:30:55+00,2018-06-13 22:37:57+00,6,2478,21.2712279,34.82941107,20.02984546,1.540948074,0,0,0.271428571,0.146428571,0.003571429,0.367857143,0.396428571,19.32414885,26.84383462,0
33,355da4cb-6ea0-4a09-8ae7-7eeebcc594c3,"1301 K Street Northwest (38.9030301844786, -77.030258384409)","3067 Oliver Street Northwest (38.9668467, -77.0598343)",drive,38.90303328,-77.03025425,38.96574432,-77.05893479,2018-07-05 21:34:41.762+00,2018-07-05 21:59:31.249+00,24,10565.85849,21.49229324,99,18.16489117,6.56561868,0.034507549,0,0.248023005,0.037383178,0.000718907,0.457225018,0.452911574,4.527559245,7.324147555,0.014872521
34,3588da5c-2e64-495d-a9d9-aad2a2e092a3,"4467 Technology Drive (38.9927262888527, -76.9385453422485)","5342 S Center Dr (39.002088, -76.914318)",drive,38.99274914,-76.93866099,39.00253661,-76.91592944,2018-05-07 21:49:10.35+00,2018-05-07 21:57:31.161+00,8,4284.114992,23.87027133,79.06844824,24.2711021,2.659052744,0.09375,0,0.308333333,0.185416667,0.002083333,0.429166667,0.40625,35.47572447,54.84646126,0.008264463
35,35c17ced-8ba8-4b6d-b7b3-113c3e288de9,"1701 Maryland Ave NE, Washington, DC 20002, USA (38.9018544, -76.9785871)","Home (39.0108781, -76.9307259)",drive,38.90185928,-76.97857666,39.01074982,-76.92909241,2018-06-22 00:57:03+00,2018-06-22 01:17:52+00,20,21124,30.02878007,99,43.69787725,13.12936842,0.577694236,0.001253133,0.34962406,0.185463659,0.001253133,0.448621554,0.472431078,33.51378277,61.24344424,0
36,37716bdc-e285-47e9-b273-9bd4caad9dc8,"4513-4551 Sellman Road (39.0343451640001, -76.9135727082164)","Jeong H. Kim Engineering Building (38.9910562, -76.9381112)",drive,39.03434516,-76.91357271,38.99067909,-76.93771062,2018-05-08 18:51:52.559+00,2018-05-08 20:06:09.602+00,74,8208.915434,7.764773935,20,16.86415281,5.102798519,0,0,0.364864865,0.168918919,0.006756757,0.472972973,0.493243243,30.07710408,49.60630365,0.06918239
37,378e0857-eb18-4d4d-8085-39a1f5e4e561,"5316 S Center Dr, Greenbelt, MD 20770, USA (39.00249, -76.9152299)","8673 Wellford Drive (39.2451615, -76.8531957)",drive,39.00251389,-76.91529083,39.2452507,-76.85325623,2018-06-15 17:37:18+00,2018-06-15 18:18:21+00,40,32323,193.8623223,99,15.42867508,20.10373778,0.071038251,0,0.352459016,0.191256831,0.00273224,0.459016393,0.453551913,27.54757484,42.7034162,0
38,3a19a74d-481c-421c-aeb5-90b99320fc9a,"3060 Oliver Street Northwest (38.9666464599212, -77.0597555302801)","Citibank (38.954964, -77.082457)",drive,38.96664646,-77.05975553,38.95470257,-77.08086672,2018-07-07 12:51:47.794+00,2018-07-07 12:59:09.289+00,7,2653.081887,16.12543964,26.54522519,16.36735377,1.647602811,0,0,0.294117647,0.095022624,0.002262443,0.443438914,0.400452489,5.782480834,8.099738411,0
39,3afce5ea-9cce-40e6-b595-f553e6681c6f,"5316 S Center Dr, Greenbelt, MD 20770, USA (39.0025246, -76.9151918)","Kruba Thai and Sushi (38.8739496, -77.0017937)",drive,39.0025177,-76.9152832,38.87469864,-77.00501251,2018-06-11 15:23:02+00,2018-06-11 15:55:16+00,30,21694,25.27566759,99,26.94518372,13.82741545,0.490196078,0.004901961,0.387254902,0.215686275,0.00245098,0.468137255,0.5,27.98556701,52.42454575,0
40,3dc10eda-a009-4e35-9842-5895a329ca3e,"Indian Ln, College Park, MD 20740, USA (39.010064, -76.930336)","Verizon (39.0224228, -76.9259037)",drive,39.01059723,-76.93050385,39.02112961,-76.92549133,2018-06-23 23:21:20+00,2018-06-23 23:25:42+00,4,1502,15.36579232,20,18.66758,0.934352706,0.12195122,0,0.365853659,0.219512195,0.024390244,0.487804878,0.463414634,56.66339131,101.3504035,0
41,3f5f99aa-09fc-4ac8-a3b7-349aa0a2b9cc,"12019 Georgia Avenue (39.0522840293488, -77.0502025075974)","6200 Westchester Park Dr (38.9921522, -76.8992787)",drive,39.05229744,-77.05020712,38.99255748,-76.89882098,2018-05-05 00:40:21.129+00,2018-05-05 01:06:06.249+00,25,17813.03536,20.83008941,20,36.32372645,11.05402369,0.375,0,0.270833333,0.229166667,0.020833333,0.541666667,0.5,84.10433961,111.788063,0
42,414397af-0613-4e80-8237-d10c174ecf14,"6030-6098 Westchester Park Drive (38.9921799939569, -76.8987461826634)","Koons Mazda of Silver Spring (39.079978, -76.9492614)",drive,38.9922204,-76.89857229,39.08052597,-76.94777825,2018-05-11 13:08:06.082+00,2018-05-11 13:26:37.339+00,18,20146.88178,28.42920573,79.44548604,42.40009724,12.50976516,0.570524412,0.079566004,0.311030741,0.116636528,0.000904159,0.485533454,0.492766727,22.63615324,48.29003007,0
43,438f30bc-1281-43a1-b28a-18f1b91af922,"4065 University Blvd E, College Park, MD 20740, USA (39.0013002, -76.9346988)","Home (39.0108781, -76.9307259)",drive,39.00139618,-76.93264008,39.01075363,-76.9291687,2018-06-23 04:51:22+00,2018-06-23 04:53:58+00,2,2131,28.55156692,99,30.74803917,1.326490611,0.00952381,0,0.39047619,0.180952381,0.00952381,0.533333333,0.476190476,32.80512128,45.10236657,0
44,44061b4c-1b97-4a21-8a84-ac74a4a9ee07,"14694 Potomac Mills Road (38.6316584706207, -77.296001736426)","8100 Palisades Circle (38.7613006, -77.4413889)",drive,38.6316805,-77.29594326,38.76021276,-77.44061981,2018-05-18 17:13:28.291+00,2018-05-18 17:40:48.384+00,27,23633.91495,25.29979403,44.43986722,32.70068876,14.67772042,0.383578431,0,0.345588235,0.22120098,0.000612745,0.500612745,0.485906863,85.42705051,159.3382457,0
45,45aac1dd-833f-4104-92d2-673abf4ca9e6,"8200 S Channel Dr, Greenbelt, MD 20770, USA (39.002739, -76.9152555)","10925 Baltimore Ave, Beltsville, MD 20705, USA (39.0324271, -76.9079331)",drive,39.00271225,-76.91499329,39.03265762,-76.90919495,2018-06-13 22:46:47+00,2018-06-13 22:59:02+00,12,5899,21.45892031,38.02417554,20.7351242,3.670233717,0.002487562,0,0.370646766,0.201492537,0.002487562,0.430348259,0.455223881,41.89468909,52.73228856,0
46,4654dff4-db57-499f-a082-7f2187a6e87e,"5314 South Center Drive (39.002517066001, -76.9153097738297)","Lake Artemesia Natural Area (38.9913743, -76.9217353)",drive,39.00268085,-76.91535638,38.99257402,-76.92123472,2018-05-06 22:37:41.423+00,2018-05-06 22:44:30.121+00,6,2554.127923,18.89881191,69.21249097,15.71917721,1.586886796,0,0,0.322738386,0.163814181,0.002444988,0.437652812,0.459657702,24.13057897,40.19423029,0
47,48286bdc-a5a7-4eda-bab0-fded7c63cd49,"382 Technology Drive (38.9927191660171, -76.9393708650739)","5342 S Center Dr (39.002088, -76.914318)",drive,38.99274712,-76.93974428,39.00253827,-76.91593389,2018-05-09 16:25:46.806+00,2018-05-09 16:32:38.219+00,6,4124.739815,24.03718009,81.90944839,25.20122625,2.560213335,0.140776699,0,0.327669903,0.17961165,0.002427184,0.45631068,0.424757282,32.17191817,44.49803519,0
48,4845dfcf-8fbc-40cf-be40-864827db624b," (38.99403353679, -76.938622786781)","Westchester Park Drive (38.9905135, -76.902163)",drive,38.9941148,-76.93865383,38.99046702,-76.90613637,2018-05-07 22:18:46.353+00,2018-05-07 22:30:19.65+00,11,3026.4517,17.85485831,100,0.966363489,1.876044071,0,0,0.232142857,0.133928571,0.008928571,0.517857143,0.5,19.26942587,26.1202904,0.008849558
49,494b8b3a-69a8-4e0f-ade4-d6d279f556e5,"D St SW & 10th St SW, Washington, DC 20024, USA (38.884738, -77.0257798)","Sofitel Washington DC Lafayette Square (38.9005413, -77.0339531)",drive,38.88471222,-77.02585602,38.89928436,-77.03342438,2018-07-01 02:02:08+00,2018-07-01 02:09:30+00,7,2202,14.73888409,20,15.3953731,1.373971256,0,0,0.35,0.22,0.005,0.41,0.45,37.92815327,51.14108106,0
50,495a5e11-5e71-4f76-a4e7-abdd74be3e6c,"11888 Snowden Farm Parkway (39.2288978957005, -77.2502056975637)","Baltimore/Washington International Thurgood Marshall Airport (BWI) (39.1774042, -76.6683922)",drive,39.22891252,-77.25016664,39.18852305,-76.67808241,2018-06-03 10:03:16.79+00,2018-06-03 10:58:10.113+00,54,80581.98644,30.13846808,95.69248201,59.3822181,50.04035937,0.790803898,0.222898904,0.255176614,0.096224117,0.000304507,0.462545676,0.468026797,28.53347524,66.37271222,0
51,4a002fe5-02f1-46d1-89de-c4f7cf1c3596,"10368 Faulkner Ridge Circle (39.2221011574566, -76.8751795162321)","8332 Berry Pl (39.1403857, -76.903634)",drive,39.22181368,-76.87540557,39.14158293,-76.9029927,2018-05-24 21:34:17.175+00,2018-05-24 21:48:17.233+00,14,11736.63796,25.14417405,40.98164555,33.85040718,7.294824128,0.378571429,0.033333333,0.441666667,0.344047619,0.001190476,0.489285714,0.504761905,105.9629347,138.8609017,0
52,4a5b072d-6581-4a96-89ab-6e6df6919334,"Jeong H. Kim Engineering Building, College Park, MD 20740, USA (38.9910237, -76.937658)","402 Ridge Road (39.0112394, -76.8899632)",drive,38.99321747,-76.93572998,39.01115799,-76.88830566,2018-06-11 22:00:18+00,2018-06-11 22:21:28+00,21,9026,21.55264597,39.61950587,22.24897174,5.629654599,0.157159488,0,0.31548312,0.157159488,0.001164144,0.381839348,0.413271246,29.95407114,65.62467826,0
53,4aa56c55-94e1-430c-aa0a-fe563a801b2b,"8310 Berry Place (39.1401165677599, -76.9027397689194)","Columbia Montessori School (39.2224868, -76.8750876)",drive,39.14013266,-76.90302668,39.22120706,-76.87470279,2018-05-24 12:27:10.572+00,2018-05-24 12:41:07.187+00,13,11466.46735,26.40676789,69.03928651,34.53091761,7.126870153,0.395459976,0,0.442054958,0.321385902,0.001194743,0.483870968,0.505376344,98.5826895,138.4212737,0
54,4b7bf6de-d0ff-4213-96f5-1eb126faffab,"10937-10945 Baltimore Avenue (39.0328338230392, -76.9090907369525)","5342 S Center Dr (39.002088, -76.914318)",drive,39.03283382,-76.90909074,39.00252629,-76.91590176,2018-05-22 23:26:40.62+00,2018-05-22 23:36:51.166+00,10,7277.642985,25.35092583,100,26.98688696,4.521452193,0.149671053,0,0.435855263,0.314144737,0.001644737,0.529605263,0.473684211,68.38911745,94.37992802,0
55,4be716aa-d630-419e-9f7d-8aedd2c4f98f,"6880 Frontier Dr, Springfield, VA 22150, USA (38.767215166732, -77.1704359910598)","4800 Mark Center Drive (38.8310365, -77.1170551)",drive,38.76681084,-77.17012887,38.83165703,-77.11857356,2018-06-20 13:04:16.526+00,2018-06-20 13:23:57.399+00,19,11925.76897,23.36085687,70.39756375,27.31864656,7.406244503,0.262755102,0,0.280612245,0.156462585,0.00085034,0.414115646,0.452380952,33.22574793,53.13319143,0
56,4d8b7082-ccfe-491b-87da-2d703cb95d65,"4467 Technology Drive (38.9928536536535, -76.9384978060396)","5342 S Center Dr (39.002088, -76.914318)",drive,38.99255199,-76.9383896,39.00252964,-76.91592618,2018-05-14 16:33:08.014+00,2018-05-14 16:39:23.234+00,6,3952.64013,22.91338889,62.78108747,24.00279877,2.45353192,0.109042553,0,0.372340426,0.199468085,0.002659574,0.492021277,0.486702128,27.81332403,42.69095101,0
57,525d28a7-8ce4-4efe-bf84-f48577036fa9,"8136 Paint Branch Drive (38.9895879143368, -76.9367553364354)","406 Ridge Road (39.0107603, -76.8900558)",drive,38.9891897,-76.93707367,39.00943943,-76.88982947,2018-05-18 20:16:24.277+00,2018-05-18 20:33:47.385+00,17,7523.738589,18.17093999,58.01446134,15.50658106,4.669806371,0.053846154,0,0.309615385,0.169230769,0.000961538,0.489423077,0.511538462,35.99606102,55.44374522,0
58,5301c0fc-1291-438f-9e2e-69c31ae8aee2,"8537 Paint Branch Drive (38.995215293982, -76.9374312470316)","Columbia Montessori School (39.2224868, -76.8750876)",drive,38.99624132,-76.93823164,39.22257886,-76.8751183,2018-05-03 20:50:50.164+00,2018-05-03 21:34:16.599+00,43,30842.63233,26.10418013,100,27.6398371,19.17347275,0.562700965,0,0.372990354,0.189710611,0.003215434,0.501607717,0.504823151,54.67192203,76.15486391,0
59,55ac32b8-1406-4616-a78f-6fd7b5972d20,"382 Technology Drive (38.9926496657024, -76.9394503914532)","5342 S Center Dr (39.002088, -76.914318)",drive,38.99265182,-76.93965257,39.00252804,-76.91590645,2018-05-09 22:32:33.059+00,2018-05-09 22:42:31.154+00,9,4138.271882,21.48022681,38.38683926,20.17895425,2.568652765,0.065108514,0,0.30884808,0.135225376,0.001669449,0.387312187,0.414023372,26.42388799,43.05380894,0
60,57e5afab-601e-4042-a635-5f945a119cc0,"5301 Smiths Cove Lane (39.0025815833702, -76.9152177174546)","387 Technology Dr (38.9924213, -76.9387364)",drive,39.00277951,-76.9150397,38.9931044,-76.93726406,2018-05-07 12:37:00.513+00,2018-05-07 12:44:41.145+00,7,4060.020038,25.02515741,98.7260835,27.25887631,2.517810022,0.17173913,0,0.273913043,0.136956522,0.002173913,0.376086957,0.391304348,28.39567287,41.15748606,0
61,5be920de-7194-42c5-ae03-5ae58b4e64e0,"10224 Southard Drive (39.0313396649799, -76.909721056071)","5342 S Center Dr (39.002088, -76.914318)",drive,39.03129746,-76.90971888,38.99808432,-76.91824143,2018-05-18 21:28:40.801+00,2018-05-18 21:39:39.297+00,10,4855.38041,23.24006148,68.34147197,22.90564162,3.01877821,0,0,0.273141123,0.138088012,0.001517451,0.394537178,0.440060698,34.16667101,50.17979385,0
62,5e0e05dc-090a-48dc-af69-cb92cc596da0,"Dwight D. Eisenhower Memorial Highway (39.1132196272156, -77.1904656943653)","University of MD (38.9869183, -76.9425543)",drive,39.10773359,-77.18462024,38.99615355,-76.93192095,2018-06-11 11:29:52.214+00,2018-06-11 12:07:50.901+00,37,32208.80493,26.93014214,80.66982541,33.34392108,19.99791461,0.3561704,0.006587615,0.362758015,0.173913043,0.000439174,0.48836188,0.48836188,27.57874203,42.79134256,0
63,5e953fce-6101-45e4-a626-19ec8cbc3204,"Traffic Dr, Hanover, MD 21076, USA (39.1593547, -76.6776235)","6927 Andersons Way (39.0821405, -76.8868658)",drive,39.15935516,-76.67761993,39.08193588,-76.88831329,2018-05-03 20:57:26+00,2018-05-03 21:26:30+00,29,30410,29.39122619,100,39.89224687,18.8883919,0.495762712,0.076271186,0.381355932,0.262711864,0.004237288,0.415254237,0.440677966,79.25853785,138.4934517,0
64,5f3d2242-f92c-4c16-9186-59877842a685,"4626-4680 Hollywood Road (39.0112037770813, -76.9279299863399)","5342 S Center Dr (39.002088, -76.914318)",drive,39.01120529,-76.92772304,39.00254111,-76.91594151,2018-05-10 20:40:26.497+00,2018-05-10 20:52:17.122+00,11,3159.736518,17.58501883,49.00028974,13.29898425,1.963234395,0,0,0.275668073,0.120956399,0.00140647,0.374120956,0.421940928,24.89501432,35.65223467,0
65,607c92f8-706c-4095-9611-2ee308260437,"8314 Paint Branch Drive (38.9933387143901, -76.9365445711435)","6200 Westchester Park Dr (38.9921522, -76.8992787)",drive,38.99338611,-76.93656083,38.99160944,-76.89975933,2018-05-01 01:09:51.243+00,2018-05-01 01:20:00.642+00,10,4938.968871,20.63306594,23.96707979,23.19042194,3.067465179,0,0,0.357575758,0.181818182,0.006060606,0.454545455,0.490909091,22.74606673,52.13780044,0
66,609d9a56-09f9-4436-bdcd-c2347109682b,"10200 Baltimore Avenue (39.0212934511146, -76.9290261716367)","5342 S Center Dr (39.002088, -76.914318)",drive,39.02113105,-76.92931342,39.00253445,-76.91592366,2018-05-06 22:55:33.514+00,2018-05-06 23:07:09.345+00,11,4668.209083,21.5202661,100,19.16342932,2.900911451,0,0,0.298850575,0.153735632,0.001436782,0.403735632,0.41091954,32.40978069,47.4724463,0
67,6343a011-6f1f-4cfe-9438-119d455f9f59,"5320 S Center Dr, Greenbelt, MD 20770, USA (39.0024485, -76.9151004)","10209 Baltimore Avenue (39.0207928, -76.9240865)",drive,39.0025177,-76.9152832,39.02124405,-76.92453766,2018-06-10 15:27:22+00,2018-06-10 15:35:48+00,8,4316,26.4412946,99,25.93372994,2.686504855,0.05952381,0,0.400793651,0.234126984,0.003968254,0.511904762,0.484126984,35.16568582,57.50656724,0
68,64f5a6bd-d9db-44ef-ab2a-17ee158e2f6a,"5301 Smiths Cove Ln, Greenbelt, MD 20770, USA (39.0025501, -76.9152025)","10925 Baltimore Ave, Beltsville, MD 20705, USA (39.0324271, -76.9079331)",drive,39.00341034,-76.91492462,39.03256607,-76.90964508,2018-06-23 14:12:17+00,2018-06-23 14:21:05+00,8,5531,22.76350194,60.22982027,24.0867102,3.440873968,0.030555556,0,0.436111111,0.247222222,0.002777778,0.519444444,0.483333333,38.96325836,61.69620019,0
69,67a7ea30-3ddb-4e61-917e-fa11bf3c7f80,"125-141 Lakeforest Blvd, Gaithersburg, MD 20877, USA (39.1503661, -77.208146)","5342 S Center Dr, Greenbelt, MD 20770, USA (39.0020866394043, -76.9143142700195)",drive,39.15015411,-77.20781708,39.00119019,-76.9209137,2018-05-27 17:27:01+00,2018-05-27 18:07:50+00,40,40970,33.44355791,100,36.89530625,25.43517532,0.110294118,0.022058824,0.348039216,0.308823529,0.00245098,0.348039216,0.473039216,95.58727959,114.4750767,0
70,683926ca-251c-4a9d-a592-5cabeb1566c1,"8228 Paint Branch Drive (38.9908394589009, -76.9377158112861)","6200 Westchester Park Dr (38.9921522, -76.8992787)",drive,38.99348439,-76.9370241,38.99233946,-76.89906595,2018-05-01 22:00:56.368+00,2018-05-01 22:15:37.299+00,14,5846.649244,25.96882801,100,17.34999438,3.616131799,0.192982456,0,0.228070175,0.140350877,0.01754386,0.385964912,0.421052632,61.97507086,108.2913536,0.017241379
71,69184dd7-f588-466b-9405-373dfe065bc3,"8314 Paint Branch Drive (38.993536694943, -76.9365469180764)","5342 S Center Dr (39.002088, -76.914318)",drive,38.99362236,-76.93662479,38.99803464,-76.92193697,2018-05-23 16:11:33.042+00,2018-05-23 16:15:49.432+00,4,2889.750297,24.41783511,88.38868276,25.61777549,1.793247517,0.143968872,0,0.424124514,0.303501946,0.003891051,0.521400778,0.486381323,54.76050329,77.01838023,0
72,69ff275f-5fa6-4c2a-aedd-b3a9782fce9c,"5316 South Center Drive (39.0024342256738, -76.9152050875032)","387 Technology Dr (38.9924213, -76.9387364)",drive,39.00246498,-76.91509637,38.99312388,-76.93726444,2018-05-07 17:14:08.188+00,2018-05-07 17:22:09.152+00,8,4202.372717,23.74504277,76.93689815,27.86928068,2.608917771,0.176344086,0,0.279569892,0.174193548,0.002150538,0.376344086,0.393548387,33.49737775,52.49081715,0.006410256
73,6a8e38c5-6fc0-43d1-874e-8bf5df4bbeea,"21401-21421 Ridge Road (39.2049701186262, -77.2444262915079)","University of Maryland (38.9869183, -76.9425543)",drive,39.20475743,-77.24525375,38.99797612,-76.94268555,2018-05-15 11:39:06.38+00,2018-05-15 12:38:55.855+00,59,55328.10019,26.87450889,79.43353089,38.60145993,34.35693251,0.373638648,0.153867635,0.366098855,0.22088802,0.000279252,0.465512427,0.489528065,90.24607537,112.6312505,0
74,6b9115f1-5d94-4e0e-ba42-15ab72e9c561,"3 H Street Northeast (38.9001988472444, -77.0084168352753)","820 S Arlington Mill Dr (38.8586131, -77.1130333)",drive,38.89540328,-77.00906468,38.85929219,-77.11413991,2018-05-10 20:49:50.368+00,2018-05-10 21:50:47.893+00,60,18244.68707,18.97230072,70.34308797,18.00567914,11.32345163,0.07231576,0,0.251449075,0.129726746,0.000276014,0.349986199,0.386972123,30.74147086,61.88320913,0
75,6bfb81b1-4253-40f4-8643-83d8c9b51096,"5316 South Center Drive (39.0024282393365, -76.915193481576)","2450 Virginia Avenue Northwest (38.897964, -77.052312)",drive,39.00246172,-76.91514237,38.89754118,-77.05078352,2018-05-21 13:22:03.985+00,2018-05-21 14:29:18.452+00,67,31380.11616,19.83051236,83.54634395,17.70339693,17.99694699,0.17436162,0.003353108,0.355171524,0.159917462,0.000257931,0.458602012,0.49161723,35.46260167,58.63255122,0.005642472
76,6e385cd1-6d8b-4773-b901-5e3515235043,"10215-10217 Wincopin Cir, Columbia, MD 21044, USA (39.2163158, -76.8564579)","10209 Baltimore Avenue (39.0207928, -76.9240865)",drive,39.21657944,-76.85749054,39.02140427,-76.92417145,2018-06-10 18:39:49+00,2018-06-10 19:05:02+00,24,43992,49.91941972,99,38.60806599,27.34743819,0.740291262,0,0.359223301,0.167475728,0.002427184,0.5,0.504854369,29.6721656,45.88024093,0
77,6f3b8f00-1231-45a9-84cf-57ba242d29aa,"7595 Greenbelt Rd, Greenbelt, MD 20770, USA (38.9931454, -76.8760623)","402 Ridge Road (39.0112394, -76.8899632)",drive,38.99314117,-76.87605286,39.01113129,-76.88825226,2018-06-12 20:33:03+00,2018-06-12 20:42:53+00,9,4170,19.86386281,84.05942781,19.94318975,2.596112762,0.141809291,0,0.364303178,0.207823961,0.002444988,0.425427873,0.442542787,26.32218102,51.24672412,0
78,705224e1-0de0-4abc-9ddb-0f50163c4d5d,"Engineering Drive (38.9913983457154, -76.9381919503928)","UNIQLO Tysons Corner (38.9175293, -77.2197986)",drive,38.99153023,-76.93823922,38.91683411,-77.22125341,2018-06-16 19:43:40.455+00,2018-06-16 20:28:55.313+00,45,37097.53269,25.77459279,54.99095089,31.85032188,23.03199607,0.331730769,0.009245562,0.359467456,0.185650888,0.000369822,0.484467456,0.484837278,37.89042117,61.31037515,0
79,706073f2-a2ae-46e1-9914-a03650766895,"9426 Baltimore Ave, College Park, MD 20740, USA (39.0093696, -76.9290815)","11b (38.9936563, -76.9363982)",drive,39.00524139,-76.93029022,38.9947052,-76.93733978,2018-06-27 15:06:35+00,2018-06-27 15:10:03+00,3,2228,26.99452583,82.10057397,30.72716708,1.384832939,0.160305344,0,0.41221374,0.251908397,0.007633588,0.465648855,0.465648855,53.66142251,73.77166068,0
80,720bb41b-40be-4608-8397-fe09357f4e9f,"4814-4858 Berwyn House Road (38.9902607989223, -76.9290568554335)","5342 S Center Dr (39.002088, -76.914318)",drive,38.9902608,-76.92905686,39.00240679,-76.91520684,2018-05-06 18:18:55.967+00,2018-05-06 18:26:57.731+00,8,1776.460661,4444.038775,100,24.22606003,1.102424773,0,0,1,1,1,1,1,NA,NA,0.5
81,737b86e5-6c97-4e96-8eb9-0fc81df306d1,"C2 Milestone Way, College Park, MD 20740, USA (39.0226573, -76.9255981)","Home (39.0108781, -76.9307259)",drive,39.02264786,-76.92557526,39.01077271,-76.92918396,2018-06-23 23:33:50+00,2018-06-23 23:38:03+00,4,1593,21.07786866,99,19.41553302,0.992969442,0,0,0.364197531,0.203703704,0.00617284,0.432098765,0.456790123,31.70275897,36.08202449,0
82,7612b8ef-1f09-4a46-8fb8-5859ae6bfef6,"9530 Baltimore Ave, College Park, MD 20740, USA (39.0105794, -76.9305226)","College Park Metro Station Kiss And Ride (38.9791692, -76.9274295)",drive,39.01081848,-76.93037415,38.98028183,-76.92720032,2018-06-30 14:40:39+00,2018-06-30 14:55:31+00,8,4040,25.84452329,99,27.3882254,2.514954819,0.059288538,0,0.355731225,0.217391304,0.003952569,0.446640316,0.434782609,39.94422958,70.43963936,0
83,77577efc-5110-45b2-9b5f-4d6e9daafe05,"7000 Amtrak Way (39.1889416081525, -76.6907087276819)","10315 Castlefield Street (39.2612168, -76.8749954)",drive,39.18230787,-76.69174654,39.26121223,-76.87504546,2018-05-01 21:54:31.275+00,2018-05-01 22:28:32.291+00,34,25280.56317,26.51352646,100,27.27361885,15.7019055,0.521288838,0,0.294591484,0.133486766,0.001150748,0.494821634,0.487917146,38.4612917,70.56037253,0
84,77b19a07-0588-41ed-9174-2b233f25b94c,"5-11 H Street Northeast (38.8998885825639, -77.0079374314072)","Clarksburg (39.2387164, -77.2794288)",drive,38.89988858,-77.00793743,39.24153594,-77.26489218,2018-05-01 19:28:23.78+00,2018-05-01 21:34:37.194+00,126,44006.4099,NA,NA,NA,NA,NA,NA,NA,NA,NA,NA,NA,NA,NA,1
84,796de237-2a09-4b49-9903-f27c173a4c31,"10182-10184 Governor Warfield Parkway (39.2160534942481, -76.8687039792338)","8332 Berry Pl (39.1403857, -76.903634)",drive,39.21477928,-76.86957417,39.14162428,-76.90294349,2018-05-01 12:51:46.783+00,2018-05-01 13:00:58.159+00,9,10385.8974,29.62035896,100,44.36782272,6.445172999,0.723991507,0,0.322717622,0.121019108,0.002123142,0.498938429,0.49044586,22.6902971,44.72572604,0.012578616
85,7a0af88d-1597-46f7-88b8-760ed2844bf4,"9342 Cherry Hill Rd, College Park, MD 20740, USA (39.0154241, -76.9397375)","Da Rae Won (39.0413282, -76.9063958)",drive,39.01542664,-76.93973541,39.04121399,-76.9048233,2018-05-28 16:18:14+00,2018-05-28 16:29:57+00,11,5206,22.16390918,50.02398598,22.37434208,3.245245712,0,0,0.424050633,0.35443038,0.002109705,0.485232068,0.474683544,70.86286775,87.74016597,0
86,7a9b8fe7-c20f-45a7-892c-f54f55015073,"8200 South Channel Drive (39.0027129091686, -76.915289321986)","99 Ranch Market (39.1500725, -77.2061646)",drive,39.00205045,-76.91672481,39.13224739,-77.20690529,2018-05-12 16:30:30.06+00,2018-05-12 17:11:49.465+00,41,37174.85045,26.158541,63.52313343,35.46948588,23.0825447,0.359274194,0.061290323,0.364919355,0.187903226,0.000403226,0.482258065,0.491532258,38.12008302,65.13452223,0
87,7bdde6df-e6f5-4413-99a7-e454720c9f5f,"8200 S Channel Dr, Greenbelt, MD 20770, USA (39.0027511, -76.9152871)","Sam's Club (39.1514143, -77.2121458)",drive,39.00251389,-76.9153595,39.15102005,-77.21079254,2018-05-27 15:07:26+00,2018-05-27 15:37:48+00,28,38410,53.89452131,100,48.4407037,23.85874119,0.552099533,0.192846034,0.477449456,0.402799378,0.00155521,0.505443235,0.493001555,147.0144499,179.3832194,0
88,7c85ef82-b0ed-4698-92e7-fb909d5bacc3,"Capital Beltway Outer Loop (39.0201085852822, -76.9583475776733)","H Mart (39.0523537, -77.0495875)",drive,39.01882607,-76.96528042,39.05192583,-77.05116877,2018-06-09 21:18:50.385+00,2018-06-09 21:38:11.296+00,19,10186.84358,22.88142549,62.23702969,21.5681668,6.323096667,0.043066322,0,0.341085271,0.174849268,0.000861326,0.481481481,0.4625323,42.18832456,60.54856449,0
89,7f5ddc3f-8168-4a8a-a172-a47940be6752,"5532-5598 Eastbourne Drive (38.7990719419973, -77.2427616269503)","14700 Potomac Mills Road (38.6302654, -77.2959854)",drive,38.79920145,-77.24261971,38.63152011,-77.29542333,2018-05-17 11:45:09.059+00,2018-05-17 12:12:25.421+00,27,26262.46574,27.77783948,99.50754405,39.20339678,16.3189346,0.480416157,0,0.329865361,0.179926561,0.000611995,0.485924113,0.482252142,68.41881734,93.754166,0
90,814282df-ce58-4357-934d-18bf00f49ca6,"8210 S Channel Dr, Greenbelt, MD 20770, USA (39.0029474, -76.9151305)","932 Hungerford Drive (39.0978421, -77.1542908)",drive,39.00157166,-76.91713715,39.09789658,-77.15422058,2018-06-22 16:49:29+00,2018-06-22 17:43:36+00,54,30251,34.03264189,99,12.79576066,18.77798603,0.241935484,0,0.419354839,0.290322581,0.016129032,0.435483871,0.5,69.39305133,120.8497492,0
91,81ddcd48-59c9-4853-b3a1-5b7e9c5176a6,"3500 Woodley Road Northwest (38.9303844189634, -77.0675452519926)","Giant Gas Station (38.9946771, -77.0778967)",drive,38.93038442,-77.06754525,38.99353473,-77.07708361,2018-07-02 19:36:51.614+00,2018-07-02 19:55:57.273+00,19,8281.214954,19.78973083,82.91893579,18.09336998,5.150176948,0,0,0.46234676,0.38441331,0.000875657,0.499124343,0.49737303,67.98228842,76.91208149,0
92,823667af-f3e7-4dc1-9aac-247f4ddaabc1,"Saint Marys Street (39.0325438091895, -76.9092537649692)","Pizza Boli's (38.9913684, -76.9326738)",drive,39.03497839,-76.9119475,38.9902608,-76.92905686,2018-05-06 17:31:22.86+00,2018-05-06 17:44:56.579+00,13,4676.455516,12840.55763,100,20.13246,2.909598089,0,0,1,1,1,1,1,NA,NA,0.5
93,8290659a-9b08-4a10-bd83-d4f9a916b3d2,"9342 Cherry Hill Rd, College Park, MD 20740, USA (39.015369, -76.9397181)","Glenn L. Martin Hall, 4298 Campus Dr, College Park, MD 20742, USA (38.9888916015625, -76.9381637573242)",drive,39.01537704,-76.93972015,38.9899826,-76.93720245,2018-06-11 20:07:53+00,2018-06-11 20:17:58+00,10,3841,131.283563,99,10.85502415,2.390728927,0,0,0.454545455,0.318181818,0.015151515,0.575757576,0.454545455,29.35859864,37.74541047,0
94,88cabad1-c34a-4a2e-8ce0-3c67564d43e0,"8300 Baltimore Avenue (38.9925130550181, -76.9335828256579)","5342 S Center Dr (39.002088, -76.914318)",drive,38.99274972,-76.93327915,38.99808399,-76.91825671,2018-06-06 16:40:58.768+00,2018-06-06 16:46:30.683+00,5,1820.501407,25.06086094,99.33380321,24.7420847,1.129957705,0,0,0.210843373,0.102409639,0.003012048,0.280120482,0.28313253,31.60433405,41.86155201,0
95,8989f5a9-1975-43cf-9c63-b7c940a13115,"6030-6098 Westchester Park Drive (38.992408406957, -76.8989736960054)","Jeong H. Kim Engineering Building (38.9910562, -76.9381112)",drive,38.99238615,-76.89895702,38.98989076,-76.9372354,2018-05-14 18:28:51.186+00,2018-05-14 18:41:06.277+00,12,6348.924293,23.62697084,74.92716331,25.05393208,3.945226104,0.2,0,0.27755102,0.126530612,0.001360544,0.394557823,0.4,29.29134099,58.13648844,0
96,8a5793a9-de49-42ec-aac0-359413267038,"8127 Regents Drive (38.992016602158, -76.9403220621696)","Whole Foods Market (38.9692295, -76.9367784)",drive,38.99030413,-76.94065499,38.96979649,-76.93831924,2018-05-02 22:22:50.744+00,2018-05-02 22:31:27.146+00,8,2460.304331,16.9920751,39.87807854,13.79181001,1.530244428,0,0,0.310077519,0.156976744,0.001937984,0.408914729,0.437984496,20.22473885,29.8385857,0
97,8b8547c6-a5a1-4bd5-9e40-98a1e256bc03,"8104-8110 Baltimore Avenue (38.9891142771011, -76.9351654966147)","6200 Westchester Park Dr (38.9921522, -76.8992787)",drive,38.98908955,-76.93525024,38.99129987,-76.90059691,2018-05-16 02:25:08.692+00,2018-05-16 02:32:57.101+00,7,5540.46923,26.16620039,100,29.69447599,3.443062825,0.205567452,0,0.319057816,0.154175589,0.002141328,0.453961456,0.492505353,41.70603717,55.50394544,0
98,8c629885-0ebc-4b5e-8c18-86df7a222ebc,"8128 Baltimore Ave, College Park, MD 20740, USA (38.9908091, -76.9339878)","9308 Cherry Hill Rd, College Park, MD 20740, USA (39.0178413391113, -76.938232421875)",drive,38.9907341,-76.934021,39.01823807,-76.93667603,2018-05-27 16:10:22+00,2018-05-27 16:15:12+00,4,3578,26.06767258,61.50383514,30.22139833,2.225155633,0,0,0.275132275,0.132275132,0.005291005,0.523809524,0.455026455,17.6804479,31.6220503,0
99,8c7e3540-6ee3-4a71-99c6-16a69898038f,"5316 South Center Drive (39.0025116647309, -76.9151847582422)","387 Technology Dr (38.9924213, -76.9387364)",drive,39.00260017,-76.91517994,38.99310339,-76.93726404,2018-07-13 12:42:49.339+00,2018-07-13 12:51:37.144+00,8,4263.41512,21.15340048,32.82383803,20.87697197,2.646843572,0.139442231,0,0.344621514,0.187250996,0.001992032,0.430278884,0.458167331,35.31824537,54.76378811,0
100,8dde45b5-5927-44a3-9b0b-309cecded0c9,"4771 Sellman Rd, Beltsville, MD 20705, USA (39.0340014, -76.9099514)","5342 S Center Dr, Greenbelt, MD 20770, USA (39.0020866394043, -76.9143142700195)",drive,39.03287506,-76.90930939,39.00249481,-76.91579437,2018-06-23 14:41:06+00,2018-06-23 14:56:24+00,15,7335,24.13238211,83.52990818,25.16121547,4.563907417,0.177474403,0,0.322525597,0.153583618,0.001706485,0.360068259,0.395904437,33.0101738,43.79003048,0
101,8e0687c3-fd08-480e-ad11-1bd1f115bead,"5000 University Blvd E, College Park, MD 20740, USA (38.9988703, -76.9245631)","9348 Cherry Hill Rd, College Park, MD 20740, USA (39.0170364379883, -76.939697265625)",drive,38.99889374,-76.92455292,39.01565552,-76.93980408,2018-06-12 22:19:09+00,2018-06-12 22:27:36+00,6,2570,53.19298326,99,5.13707945,1.830205321,0,0,0.5,0.5,0.25,0.75,0.75,26.77001571,28.52296864,0
102,8f30079f-7162-4d52-971c-2ece7b93face,"Saint Marys Street (39.0325114550432, -76.9090820197732)","5342 S Center Dr (39.002088, -76.914318)",drive,39.03253991,-76.90904791,39.00253152,-76.9159158,2018-07-09 22:30:19.948+00,2018-07-09 22:45:53.187+00,15,7226.931101,21.59825951,40.39590647,20.18706425,4.4899428,0.014989293,0,0.233404711,0.023554604,0.001070664,0.467880086,0.406852248,2.639436223,4.872702178,0
103,91fb3d57-e235-4af4-8077-18ee0c4b6077," (39.0526435292667, -76.9290956264534)","Columbia Montessori School (39.2224868, -76.8750876)",drive,39.05836593,-76.92562254,39.22123933,-76.87474435,2018-05-10 20:00:50.084+00,2018-05-10 20:25:03.216+00,24,25832.49004,28.69197524,86.45267314,40.43419177,16.05103987,0.532690984,0,0.391603579,0.175498968,0.000688231,0.503785272,0.495526497,37.86089749,60.17060999,0
104,9271f60a-aeda-4c47-b835-d3ff8409066c,"9530 Baltimore Ave, College Park, MD 20740, USA (39.0105916, -76.9305172)","National Academy of Sciences (38.893023, -77.0477267)",drive,39.01107407,-76.93005371,38.89177704,-77.04818726,2018-06-07 10:59:14+00,2018-06-07 11:53:28+00,54,31061,25.50852029,99,24.56408914,19.32599868,0.140432099,0,0.372942387,0.236625514,0.000514403,0.430041152,0.483024691,59.37664616,79.72441716,0
105,9556ec90-af27-4338-9c3c-43b980d4d705,"5320 South Center Drive (39.0024079827406, -76.9151254998241)","387 Technology Dr (38.9924213, -76.9387364)",drive,39.00251543,-76.91525529,38.99315515,-76.93732803,2018-05-14 12:43:03.513+00,2018-05-14 12:51:34.218+00,8,4143.71886,23.71748999,76.46791469,24.72038776,2.572576204,0.154598826,0,0.277886497,0.152641879,0.001956947,0.377690802,0.405088063,31.26640541,47.06430846,0
106,9564d95d-79e6-4470-8e91-a070217693a9,"8483 Paint Branch Drive (38.9939521439737, -76.9368504267902)","5342 S Center Dr (39.002088, -76.914318)",drive,38.99391572,-76.93684255,39.00252393,-76.91589543,2018-05-22 22:04:06.904+00,2018-05-22 22:12:17.287+00,8,3820.907719,21.48488682,38.46615862,21.31067984,2.371657189,0.059063136,0,0.342158859,0.217922607,0.00203666,0.435845214,0.417515275,55.30184243,79.12467818,0
107,962ca358-5127-4427-9168-79c57b5fe74e,"9530 Baltimore Ave, College Park, MD 20740, USA (39.0105814, -76.9305124)","Kruba Thai and Sushi (38.8739496, -77.0017937)",drive,39.0105629,-76.9305191,38.87485123,-77.00058746,2018-06-21 23:41:45+00,2018-06-22 00:15:25+00,33,21050,26.89970021,99,29.40929351,13.09798617,0.254871395,0,0.356196415,0.215900234,0.000779423,0.445830086,0.445830086,46.91601504,78.58268477,0
108,966e48bd-6864-4d3e-82aa-41b9e1981aa4,"4601-4603 Chestnut Street (38.9935731981313, -77.0919991192195)","5640 Nicholson Lane (39.0442447, -77.1130095)",drive,38.99356415,-77.09173718,39.04488497,-77.11449705,2018-05-01 12:12:21.574+00,2018-05-01 12:24:10.214+00,11,7752.422519,27.95152747,100,27.04777616,4.817861731,0.101899827,0,0.343696028,0.164075993,0.001727116,0.443868739,0.445595855,32.15223573,52.47113451,0
109,9686c612-7fb2-493a-b5ba-5754d5c0d1cd,"East-West Highway (38.9604656477121, -76.9202162912714)","5342 S Center Dr (39.002088, -76.914318)",drive,38.96085116,-76.91976263,39.00253658,-76.91592937,2018-05-05 17:44:59.954+00,2018-05-05 17:54:02.121+00,9,6535.416794,24.40709787,24.60217478,30.08134385,4.061252727,0.239410681,0,0.377532228,0.20441989,0.001841621,0.473296501,0.465930018,44.42257478,74.54069051,0
110,97c728bc-51e5-4475-a1af-2655a80fb1f5,"9530 Baltimore Ave, College Park, MD 20740, USA (39.0106112, -76.9305093)","11b (38.9936563, -76.9363982)",drive,39.01065445,-76.93035126,38.99473953,-76.93737793,2018-06-22 16:59:18+00,2018-06-22 17:06:36+00,6,3122,28.32655986,99,31.49547302,1.939401115,0.143617021,0,0.324468085,0.186170213,0.005319149,0.430851064,0.404255319,42.84777317,54.63255122,0
111,991c40d4-3b53-44a3-9ac3-8ac011ada0c5,"8200 S Channel Dr, Greenbelt, MD 20770, USA (39.0027435, -76.9152754)","387 Technology Dr, College Park, MD 20740, USA (38.9924201965332, -76.9387359619141)",drive,39.00317001,-76.91487885,38.99311829,-76.93733978,2018-06-13 13:08:22+00,2018-06-13 13:16:43+00,8,4176,24.44425956,88.83846067,24.80092395,2.595053077,0.112759644,0,0.272997033,0.118694362,0.002967359,0.409495549,0.385756677,36.02034469,66.11680429,0
112,9a3296fe-13f7-44c6-a58f-f840512f6b92,"8214 South Channel Drive (39.0033751760974, -76.9149018776845)","387 Technology Dr (38.9924213, -76.9387364)",drive,39.00350892,-76.91498315,38.99315653,-76.93731135,2018-06-06 13:34:21.314+00,2018-06-06 13:43:09.298+00,8,3989.315706,21.83396914,44.40798531,24.29641654,2.47648631,0.149621212,0,0.308712121,0.181818182,0.001893939,0.367424242,0.410984848,36.82743108,48.75328523,0
113,9a832b90-b3c9-4251-b202-4851edcc8256,"6200 Westchester Park Drive (38.9920791245821, -76.899115068868)","Koons Mazda of Silver Spring (39.079978, -76.9492614)",drive,38.99250329,-76.89879583,39.07980324,-76.9491067,2018-05-08 15:51:10.427+00,2018-05-08 16:09:27.721+00,18,16018.25205,28.68899961,100,32.28201518,9.950137052,0.282051282,0,0.435897436,0.179487179,0.025641026,0.564102564,0.487179487,65.49869443,83.45407707,0
114,9b99f9b8-f3be-43a1-b9fc-e8b4f82a57ed,"1315 K Street Northwest (38.9026413789054, -77.0308176619841)","Beauvoir, The National Cathedral Elementary School (38.9298955, -77.0677969)",drive,38.90267821,-77.03092462,38.9291986,-77.06637867,2018-07-03 21:04:45.268+00,2018-07-03 21:20:14.382+00,15,5084.506194,18.6371305,65.18662309,14.58844732,3.157619317,0,0,0.287671233,0.091324201,0.001141553,0.425799087,0.448630137,16.56988333,35.8923932,0.009049774
115,9d5c90fd-d037-4cae-8e01-99bf193b12d1,"9815-9999 Baltimore National Pike (39.2785773938888, -76.8492407631845)","5342 S Center Dr (39.002088, -76.914318)",drive,39.27830742,-76.84648954,39.00253913,-76.9159362,2018-05-05 23:55:11.639+00,2018-05-06 00:26:25.244+00,31,46585.21175,9.903256569,20,10.52695621,29.00068148,0.77321238,0.32977588,0.375133404,0.155282818,0.000533618,0.491995731,0.489327641,44.74081747,70.23950836,0
116,9d6ffe9f-3b25-4cf3-b053-400b903e1d10,"3065 Oliver Street Northwest (38.9667218132307, -77.0598043129566)","Chevy Chase Library (38.9911721, -77.0765884)",drive,38.96672181,-77.05980431,38.98991855,-77.07708832,2018-07-08 17:56:22.856+00,2018-07-08 18:03:44.28+00,7,3873.93928,21.49281987,38.60118922,21.41673013,2.407697585,0,0,0.271493213,0.045248869,0.002262443,0.5,0.411764706,5.121392917,8.197507549,0
117,9da7de9c-ae36-4199-83cf-12d7f8c40100,"8314 Paint Branch Drive (38.9936767984545, -76.9366987143428)","North Center Drive (39.0023738, -76.915522)",drive,38.99403018,-76.93706634,39.00122322,-76.9147248,2018-05-02 21:03:40.061+00,2018-05-02 21:14:45.164+00,11,3492.314615,10.96839645,20,20.76483241,1.744519153,0,0,0.339622642,0.150943396,0.018867925,0.528301887,0.509433962,14.8129943,18.07743032,0.053571429
118,9eb738ea-60f6-45ab-b9c2-32fa1f16fea0,"2400 South Smith Boulevard (38.8525607111294, -77.0438190177801)","1301 K Street Northwest (38.9029463, -77.0308554)",drive,38.85266224,-77.04519277,38.90188373,-77.03189333,2018-07-03 15:43:38.095+00,2018-07-03 15:58:27.506+00,14,6641.065195,23.40013742,71.06616883,20.86868812,4.129673062,0.140862944,0,0.251269036,0.034263959,0.001269036,0.42893401,0.376903553,3.592519736,6.505905959,0.01867995
119,a21a8567-ef00-42ea-a3b8-0c5e15c4fbe9,"5316 South Center Drive (39.002432233542, -76.9151811613806)","Costco Wholesale (39.0324271, -76.9079331)",drive,39.00255161,-76.91524648,39.03234489,-76.90965895,2018-05-06 16:37:27.052+00,2018-05-06 16:46:35.175+00,9,5779.266525,24.91278754,96.81340493,25.34495271,3.593044352,0.108614232,0,0.374531835,0.170411985,0.001872659,0.486891386,0.492509363,25.49540837,43.79724693,0.001869159
120,a27538ac-7f35-421d-a5ff-9b8a6e0cecc5,"8214 South Channel Drive (39.0034439251905, -76.9148593392308)","7301 Baltimore Avenue (38.9785858, -76.9375912)",drive,39.0032234,-76.91592272,38.97980092,-76.93798125,2018-06-09 20:59:49.608+00,2018-06-09 21:08:17.192+00,8,4099.701902,21.06323567,99,19.7794668,2.547826389,0,0,0.363636364,0.175889328,0.001976285,0.480237154,0.484189723,31.45341573,58.47835078,0.003937008
121,a335d05a-7c52-4975-a25d-53aac3bd1cc7,"5316 S Center Dr, Greenbelt, MD 20770, USA (39.0025259, -76.9152254)","387 Technology Dr, College Park, MD 20740, USA (38.9924201965332, -76.9387359619141)",drive,39.00270462,-76.91526031,38.99316025,-76.93733215,2018-06-25 12:53:55+00,2018-06-25 13:00:15+00,6,4098,21.61297016,40.64630062,26.05983676,2.544900038,0.195402299,0,0.367816092,0.233716475,0.003831418,0.486590038,0.486590038,44.99672351,68.01575461,0
122,a3471ba4-3c31-4c65-b2fc-bad36eaaf742,"9528 Baltimore Ave, College Park, MD 20740, USA (39.0110178, -76.930098)","7491 Connelley Drive (39.1604484, -76.67952)",drive,39.15846634,-76.70397949,39.16082001,-76.68106079,2018-05-29 16:46:42+00,2018-05-29 17:15:15+00,2,2029,26.05791665,61.28703666,32.48322447,1.259309655,0.317757009,0,0.327102804,0.112149533,0.009345794,0.485981308,0.420560748,6.692914033,9.169292225,0
123,a52eda37-dc09-4ec6-8a5a-c78e1da272b1,"1807 Chatfield Terrace (39.1284560412533, -76.706895930764)","312 Marshall Avenue (39.0975821, -76.852907)",drive,39.12849309,-76.70685117,39.09699205,-76.85140472,2018-05-02 13:36:29.003+00,2018-05-02 13:53:32.271+00,17,14735.83345,26.16849343,63.74429842,37.43575036,9.142752992,0.275510204,0,0.387755102,0.214285714,0.010204082,0.489795918,0.530612245,41.79790516,46.70603998,0
124,a6952a4b-2510-434d-ad75-c15efd4f5dea,"5316 South Center Drive (39.0024525745711, -76.915224525618)","Wells Fargo Bank (38.9641737, -76.9388556)",drive,39.00254203,-76.9151883,38.9655157,-76.93901715,2018-05-05 17:07:42.879+00,2018-05-05 17:28:44.24+00,21,5974.176065,17.99175421,55.25775705,15.09046031,3.714148279,0.01433121,0,0.284235669,0.138535032,0.000796178,0.386146497,0.399681529,27.37369108,42.58530445,0.000795545
125,a8306330-7473-40e6-a603-a042490a4513,"1301 K Street Northwest (38.9026497293917, -77.0297625946168)","3067 Oliver Street Northwest (38.9668467, -77.0598343)",drive,38.90262029,-77.02975802,38.96682277,-77.06009423,2018-07-09 21:02:51.115+00,2018-07-09 22:29:31.833+00,86,11622.91983,19.71598545,81.78439161,13.85500193,7.217748008,0,0,0.170977011,0.020474138,0.000359195,0.308548851,0.295617816,3.182414703,5.01968609,0.01381509
126,a862634e-8a67-4c8f-9b56-fef9720c855e,"5640 Nicholson Lane (39.0442447, -77.1130095)","4524 Chestnut Street (38.9934069, -77.091408)",drive,39.04440831,-77.11271365,38.9934204,-77.09153987,2018-05-04 22:00:03.368+00,2018-05-04 22:18:06.731+00,18,6317.568352,15.20621155,20,20.94574183,3.930019944,0.047297297,0,0.326576577,0.18018018,0.002252252,0.47972973,0.443693694,35.54954146,50.81365694,0
127,a8daba82-f410-465d-8b65-47788978ce60,"8125 Greenbelt Road (39.00131088, -76.9166952)","6200 Westchester Park Dr (38.9921522, -76.8992787)",drive,39.0112982,-76.90924454,38.99124466,-76.90052426,2018-05-14 01:45:20.536+00,2018-05-14 01:54:54.224+00,9,5059.564352,23.7068285,76.28644256,25.38855885,3.142904426,0.133099825,0,0.288966725,0.154115587,0.001751313,0.402802102,0.413309982,20.8989543,34.31233955,0
128,ab029da4-7724-4566-a0fc-d4b2af551a09,"9340 Cherry Hill Road (39.0147788683316, -76.9389432203741)","8136 Paint Branch Dr (38.989134, -76.937651)",drive,39.01483913,-76.93916257,38.98871304,-76.93696853,2018-05-02 12:51:50.197+00,2018-05-02 13:19:59.397+00,28,4635.306408,16.34095499,100,5.218988678,2.879286772,0,0,0.166666667,0.049019608,0.009803922,0.431372549,0.470588235,21.11056493,27.94751002,0.019230769
129,ade74bfb-372b-44d1-8c62-f050009b50c3,"University Boulevard East (38.9991888529996, -76.925598311261)","402 Ridge Rd (39.0112394, -76.8899632)",drive,38.99920684,-76.92563583,39.01114355,-76.88824997,2018-05-10 02:04:49.59+00,2018-05-10 02:13:59.137+00,9,4717.202593,20.97251847,29.74499532,21.19357562,2.928215325,0.06557377,0,0.389799636,0.229508197,0.001821494,0.480874317,0.479052823,37.54921629,62.30053152,0
130,af00386b-80ec-4713-9d8b-cba48d7238bc,"1301 K Street Northwest (38.9026133129994, -77.0306934743649)","ZIPS Dry Cleaners (38.9472117, -77.0655434)",drive,38.90271771,-77.03062688,38.9460864,-77.06462806,2018-07-06 22:03:29.582+00,2018-07-06 22:21:46.408+00,18,6444.750318,20.68891476,96.75253479,17.9428223,4.004484188,0,0,0.308823529,0.17745098,0.000980392,0.418627451,0.415686275,32.94947879,45.77690746,0.011627907
131,af828ef6-69b2-407d-8c72-52db9889378a,"8200 South Channel Drive (39.002607087641, -76.9153269567312)","387 Technology Dr (38.9924213, -76.9387364)",drive,39.00284237,-76.91520005,38.99309924,-76.93726396,2018-05-10 12:18:26.353+00,2018-05-10 12:28:03.173+00,9,4146.886815,20.5445071,22.45969526,21.94573224,2.574428376,0.103327496,0,0.295971979,0.169877408,0.001751313,0.397548161,0.378283713,33.35302281,63.04593949,0
132,b40963d1-2cfe-458f-aa3f-b9cce2b9f0af,"790 Hungerford Drive (39.0933773154757, -77.1539347619537)","6200 Westchester Park Dr (38.9921522, -76.8992787)",drive,39.09345921,-77.15394306,38.99131819,-76.90054094,2018-05-19 20:40:14.846+00,2018-05-19 21:13:26.321+00,33,34086.37372,28.67253438,85.93425019,42.45052799,21.15897052,0.475879397,0.057286432,0.325628141,0.145226131,0.000502513,0.461809045,0.47839196,27.89698781,63.71654496,0
133,b721eb76-9b7f-4057-b4b4-8a94a08c190c,"6200 Westchester Park Drive (38.9919883897891, -76.8994748499961)","700 Hungerford Dr (39.0930576, -77.1541694)",drive,38.99197724,-76.89940587,39.09429618,-77.15349739,2018-05-19 19:28:07.738+00,2018-05-19 20:01:52.252+00,33,36132.11698,28.48050301,80.8134135,40.54311189,22.42894914,0.506666667,0.025679012,0.354074074,0.171358025,0.000493827,0.496790123,0.502716049,38.90748383,62.48950736,0
134,b89f1859-051a-4040-9706-a5a9888c9039,"5316 South Center Drive (39.0024240049822, -76.9151738835753)","National Wildlife Visitor Center (39.0264435, -76.7989949)",drive,39.00253618,-76.91537489,39.02770783,-76.7995945,2018-05-23 22:33:07.396+00,2018-05-23 22:55:00.232+00,21,15178.80478,23.71660993,76.45293505,27.97537813,9.424130927,0.164996145,0,0.367771781,0.202775636,0.00077101,0.471858134,0.471858134,43.24147501,67.1902951,0.000770416
135,bba8bf2b-85fa-4c50-821d-44aa843d4577,"10508 Marble Faun Lane (39.2225967161723, -76.8751524110109)","8332 Berry Pl (39.1403857, -76.903634)",drive,39.22259672,-76.87515241,39.14020495,-76.90321427,2018-05-03 21:37:16.85+00,2018-05-03 21:51:05.692+00,13,10736.5751,27.78941367,100,29.35552089,6.511527521,0.033088235,0,0.316176471,0.1875,0.003676471,0.393382353,0.448529412,44.70636873,83.38648779,0.003663004
136,bc1312ec-c75c-40cf-9c3b-22982663240a,"5640 Nicholson Lane (39.0442447, -77.1130095)","4524 Chestnut Street (38.9934069, -77.091408)",drive,39.0444353,-77.11315982,38.98850206,-77.09604871,2018-05-02 22:01:42.451+00,2018-05-02 22:50:31.642+00,48,6990.233026,63.00242053,100,18.30572007,3.903061753,0,0,0.319488818,0.153354633,0.003194888,0.405750799,0.424920128,28.70735196,52.93963676,0.006349206
137,c075c6a8-59dc-424e-b3bb-9659386607ce,"North Center Drive (39.0023544992952, -76.9152846116967)","United States Postal Service (39.0110102, -76.9278547)",drive,39.0035879,-76.91504315,39.01109108,-76.9261661,2018-05-09 18:24:43.935+00,2018-05-09 18:28:59.392+00,4,2977.50797,24.59450803,91.39588136,26.02587577,1.850346701,0.0546875,0,0.37109375,0.18359375,0.00390625,0.53515625,0.47265625,38.77132958,62.45800608,0
138,c15627a0-886d-4286-8d50-c3fc24cd4938,"185 Kenilworth Avenue (39.0049044834813, -76.8940095138521)","Terrapin Trail (38.9957351, -76.9458456)",drive,39.00425968,-76.89449893,38.98928028,-76.93704866,2018-05-09 14:43:39.859+00,2018-05-09 15:06:49.852+00,23,7501.462948,15.79363655,21.44056224,11.66237142,4.655323153,0.129984051,0,0.208133971,0.082934609,0.000797448,0.497607656,0.476874003,21.55676083,55.75919172,0.012598425
139,c2b37d6c-78a1-4445-b36d-5eb5a563cf83,"8314-8324 55th Avenue (38.9924952853834, -76.9212429039897)","IKEA College Park Home Furnishings (39.020775, -76.928983)",drive,38.99382408,-76.92089309,39.02204321,-76.92956924,2018-05-06 22:45:45.252+00,2018-05-06 22:54:59.143+00,9,5457.263624,24.39953487,88.07718919,22.44546435,3.390412899,0.02166065,0,0.357400722,0.164259928,0.001805054,0.476534296,0.507220217,22.17355983,36.25131642,0
140,c52a261a-4c89-4c73-8a48-2cb7e997f9fa,"8200 South Channel Drive (39.0026139188921, -76.9153098576487)","H Mart (39.0523537, -77.0495875)",drive,39.00367683,-76.91509746,39.05191259,-77.05116873,2018-06-25 00:07:09.794+00,2018-06-25 00:28:09.199+00,20,18958.46861,26.30366178,66.74803952,35.23963807,11.77086611,0.342063492,0.002380952,0.384126984,0.175396825,0.000793651,0.478571429,0.495238095,33.29724707,46.81890344,0
141,c59e9745-9ed0-47fd-ae12-958acc68d577,"South Road (38.9306256501367, -77.0689772163304)","1301 K Street Northwest (38.9029463, -77.0308554)",drive,38.93062565,-77.06897722,38.90397768,-77.03193479,2018-07-06 12:39:53.551+00,2018-07-06 13:00:23.347+00,20,5421.046892,17.55945093,48.60693739,14.95822773,3.36678216,0,0,0.312195122,0.204878049,0.000813008,0.380487805,0.437398374,38.12172353,50.56759089,0
142,c6994a6d-3504-48d3-845e-20de63c46e98,"382 Technology Drive (38.9926811539729, -76.9394181158509)","777 North Capitol Street Northeast (38.899912, -77.0084634)",drive,38.99275573,-76.93988437,38.90186482,-77.00757067,2018-05-01 14:24:54.034+00,2018-05-01 15:00:10.368+00,35,23449.39457,23.95474928,80.50637077,25.50496269,14.56044456,0.281530468,0,0.297590931,0.125649504,0.000472367,0.48700992,0.493623051,29.00275407,60.13273578,0
143,c9b3ef78-2bc2-4eeb-8772-15d3bd536614,"402 Ridge Rd, Greenbelt, MD 20770, USA (39.0114351, -76.8899381)","8537 Paint Branch Drive, College Park, MD, USA (38.9955177307129, -76.9371109008789)",drive,39.01135635,-76.88995361,38.99629593,-76.93839264,2018-06-11 14:21:30+00,2018-06-11 14:33:05+00,11,6601,22.83701265,61.48106643,27.0420844,4.105538842,0.196969697,0,0.357142857,0.203463203,0.002164502,0.456709957,0.432900433,40.09678865,60.43504521,0
144,cb485d32-e85d-4449-b7cf-2ee7efeeb34f,"5320 South Center Drive (39.0024924550393, -76.9151034979828)","Glenn L. Martin Hall (38.988892, -76.9381634)",drive,39.0035148,-76.91499886,38.99000383,-76.937249,2018-05-03 22:03:01.198+00,2018-05-03 22:12:27.221+00,9,4411.258484,11.49809348,20,13.54542118,2.791696198,0.109540636,0,0.280918728,0.121908127,0.001766784,0.4204947,0.374558304,26.82907059,50.46260309,0
145,cb5f4090-b213-4109-b490-832bd5e31588,"10947-10951 Baltimore Avenue (39.0332773514455, -76.9089006353886)","5342 S Center Dr (39.002088, -76.914318)",drive,39.03360244,-76.90912041,38.99858708,-76.91186772,2018-06-05 22:38:10.002+00,2018-06-05 22:46:25.336+00,8,5927.573385,23.88349767,79.29357729,26.56479002,3.682988299,0.034274194,0,0.385080645,0.203629032,0.002016129,0.530241935,0.473790323,28.6581411,40.88648759,0
146,cbebc2e8-11b3-409d-9f2c-760719f9d0ae,"Belvedere Avenue (39.0047601, -76.9357039)","1355 Taylor Street Northwest (38.941044, -77.031755)",drive,38.98890031,-76.93912469,38.94118444,-77.03193222,2018-05-02 20:17:20.942+00,2018-05-02 21:29:37.547+00,72,13785.19269,20.18340674,88.97548831,13.5409604,8.156358046,0.074074074,0,0.308641975,0.185185185,0.012345679,0.469135802,0.395061728,27.9461964,49.25066081,0.1
147,cd29e540-3509-40da-bf05-f64851c27af2,"4626-4680 Hollywood Road (39.011276951096, -76.9278857298912)","387 Technology Dr (38.9924213, -76.9387364)",drive,39.01127695,-76.92788573,38.99311209,-76.93726421,2018-05-09 18:42:58.811+00,2018-05-09 18:48:19.163+00,5,3231.348154,24.07556102,82.56274071,25.69830716,2.007471621,0.109034268,0,0.361370717,0.186915888,0.003115265,0.470404984,0.439252336,22.05708801,32.70997779,0
148,cda8df2f-42f7-433e-992f-2ee18152c3d5,"8136 Paint Branch Drive (38.989130377348, -76.9375358395792)","4305 Chestnut Street (38.993598, -77.0852483)",drive,38.98882417,-76.93491241,38.99368166,-77.08501731,2018-05-02 23:05:02.257+00,2018-05-02 23:35:57.882+00,30,19857.36385,32.46175843,100,20.20309215,12.27126131,0.052083333,0,0.260416667,0.15625,0.010416667,0.489583333,0.520833333,27.6406256,32.58852156,0.085714286
149,cf1202fd-4475-4c2b-8210-9a8e1903a9a3,"5320 South Center Drive (39.0023770236031, -76.9151551568125)","Costco Wholesale (39.0324271, -76.9079331)",drive,39.00244521,-76.91514438,39.03236762,-76.90965727,2018-05-22 22:42:52.839+00,2018-05-22 22:54:19.203+00,11,5746.660739,22.35289032,53.24068635,22.73843396,3.565082597,0.001503759,0,0.332330827,0.168421053,0.001503759,0.443609023,0.44962406,30.20669605,50.59055597,0.004491018
150,cf153ff1-7975-4c9d-a9a4-2f3436970c89,"4524-4526 Chestnut Street (38.9934805361917, -77.091456223351)","5640 Nicholson Lane (39.0442447, -77.1130095)",drive,38.99353636,-77.09149285,39.0444714,-77.11301501,2018-05-03 12:17:39.073+00,2018-05-03 13:05:21.681+00,47,6235.481339,33.33720408,100,23.24222172,3.878611148,0.230352304,0,0.279132791,0.111111111,0.002710027,0.43902439,0.463414634,26.11548829,38.76509723,0.002702703
151,d3759290-d53f-40ba-88fb-07d627eb709a,"5640 Nicholson Lane (39.0442447, -77.1130095)","4524 Chestnut Street (38.9934069, -77.091408)",drive,39.04439305,-77.11306779,38.99340531,-77.09145983,2018-05-01 22:24:31.057+00,2018-05-01 22:58:05+00,33,7162.279296,12.91369614,65.45558508,9.613860306,4.455861158,0.017567568,0,0.278378378,0.145945946,0.001351351,0.385135135,0.413513514,35.30184175,53.42323394,0
152,d3be04a1-b0b1-4921-a65f-b3042a61cb6e,"7521 Greenway Center Drive (38.9914338430753, -76.8784160726488)","8314 Paint Branch Drive (38.992952, -76.937658)",drive,38.99149516,-76.87808759,38.99163748,-76.93733398,2018-05-18 13:36:39.119+00,2018-05-18 13:49:18.247+00,12,9039.289725,25.39912452,46.64721154,30.47940037,5.614271483,0.300791557,0,0.345646438,0.182058047,0.001319261,0.465699208,0.461741425,34.53084257,47.91011212,0
153,d8c2b66f-5b75-491d-a188-bde1ab575655,"382 Technology Drive (38.992583957982, -76.9395865516066)","Costco Wholesale (39.0324271, -76.9079331)",drive,38.99291878,-76.93975727,39.03206298,-76.90957613,2018-06-07 22:27:47.426+00,2018-06-07 22:41:59.312+00,14,7023.280637,22.56152397,56.79189741,22.06476366,4.364478777,0.051703878,0,0.336075206,0.166862515,0.001175088,0.440658049,0.459459459,34.94751041,45.86089544,0
154,db3438f6-b8ae-46a9-ac24-0cba6a097fdc,"9524 Baltimore Avenue (39.0107624698794, -76.9301269669802)","5342 S Center Dr (39.002088, -76.914318)",drive,39.0107812,-76.93007265,39.00252495,-76.91589816,2018-05-24 22:03:10.498+00,2018-05-24 22:12:29.206+00,9,3354.078268,20.29257407,90.65498569,18.37691632,2.083863043,0,0,0.322003578,0.166368515,0.001788909,0.372093023,0.411449016,37.4475106,52.32940076,0
155,db908a35-0c4a-4258-96bd-7468cc3b18ce,"9342 Cherry Hill Road (39.0153879393255, -76.9395654090465)","6200 Westchester Park Dr (38.9921522, -76.8992787)",drive,39.01537151,-76.93956315,38.99253045,-76.8987996,2018-05-09 03:08:23.234+00,2018-05-09 03:20:19.795+00,11,5189.135303,20.00501338,86.23097508,16.1121799,3.22149037,0,0,0.482758621,0.275862069,0.034482759,0.517241379,0.551724138,93.14633304,97.75853865,0
156,dc04dc2e-69fd-459c-8223-28f1e22bb8d7,"7616-7698 Columbia Pike (39.1603277466799, -76.8881685255448)","Glenn L. Martin Hall (38.988892, -76.9381634)",drive,39.15649141,-76.8907104,38.99002044,-76.93722845,2018-05-10 12:08:28.894+00,2018-05-10 12:51:19.33+00,42,28212.62432,24.00851336,81.42150398,27.59646911,17.53064023,0.246596655,0.015169195,0.338000778,0.154414625,0.000388954,0.478024115,0.469467133,42.64435967,80.42914166,0
157,dc213645-0796-4a85-9dfa-4ff5ccd34435,"8676 Wellford Dr, Ellicott City, MD 21042, USA (39.245352, -76.8531418)","5342 S Center Dr, Greenbelt, MD 20770, USA (39.0020866394043, -76.9143142700195)",drive,39.24534988,-76.85313416,39.00251389,-76.91529083,2018-06-16 01:05:24+00,2018-06-16 01:36:59+00,31,32474,31.80463235,99,37.52025772,20.20146452,0.491525424,0.002421308,0.353510896,0.176755448,0.002421308,0.462469734,0.457627119,46.44029321,68.07743441,0
158,dc42745d-7945-4bff-8209-893605547d0a,"5305 Smiths Cove Lane (39.0025159503439, -76.9151113819293)","387 Technology Dr (38.9924213, -76.9387364)",drive,39.00251061,-76.91522993,38.99359738,-76.93659419,2018-05-23 12:30:56.178+00,2018-05-23 12:41:08.7+00,10,4245.465004,21.35076366,100,18.19721959,2.635694777,0.044925125,0,0.334442596,0.176372712,0.001663894,0.455906822,0.465890183,23.69422685,51.18898147,0.00166113
159,dd8efc21-ea6b-4d31-aaf1-d222d6876112,"3065 Oliver Street Northwest (38.9666794008007, -77.0597246848764)","Beauvoir, The National Cathedral Elementary School (38.9298955, -77.0677969)",drive,38.96666633,-77.05963232,38.93108639,-77.06858185,2018-07-06 12:10:11.411+00,2018-07-06 12:22:07.173+00,11,5920.227751,19.9450399,85.30830621,18.3486639,3.679059808,0,0,0.349162011,0.175977654,0.001396648,0.495810056,0.488826816,32.72145991,43.44554251,0
160,df45f9bc-4ccc-4dbf-9532-5223b176961a,"6030-6098 Westchester Park Drive (38.992457063905, -76.8988444470585)","Jeong H. Kim Engineering Building (38.9910562, -76.9381112)",drive,38.99254763,-76.89869131,38.9899071,-76.93723808,2018-05-11 20:15:08.344+00,2018-05-11 20:26:25.241+00,11,6292.01968,23.70106336,76.18831252,25.05113444,3.90992413,0.205317578,0,0.305760709,0.153618907,0.001477105,0.446085672,0.420974889,30.00000245,49.17848263,0
161,e1cfdb4b-ffc7-414b-b4a0-ad9737d21a72,"9326 Cherry Hill Rd, College Park, MD 20740, USA (39.0143905, -76.9388866)","4298 Campus Drive, College Park, MD, USA (38.9888916015625, -76.9381637573242)",drive,39.01437759,-76.93889618,38.9900322,-76.93725586,2018-06-09 14:19:11+00,2018-06-09 14:37:33+00,18,5895,20.69284421,96.81298788,18.60280424,3.671276244,0.030864198,0,0.291666667,0.135802469,0.00154321,0.37345679,0.407407407,38.20538427,58.28740721,0
162,e1f0939a-e021-4453-ba16-457606d06e3f,"8680 Paint Branch Dr, College Park, MD 20742, USA (38.9977534, -76.9403533)","9308 Cherry Hill Road, College Park, MD, USA (39.0177688598633, -76.9381561279297)",drive,38.99858475,-76.94134521,39.01825333,-76.9367218,2018-06-13 23:04:29+00,2018-06-13 23:14:18+00,7,4552,25.53514177,49.66981702,30.40172757,2.83151312,0.089506173,0,0.277777778,0.157407407,0.00308642,0.37037037,0.388888889,47.21621192,73.84318299,0
163,e357b01f-1dce-479a-980d-f85ae2abe9f0,"8 Lokus Road (39.0921652084581, -76.7051524110853)","1805 Chatfield Terrace (39.128599, -76.706902)",drive,39.09228243,-76.7050701,39.12848452,-76.7068474,2018-05-01 20:09:27.89+00,2018-05-01 20:24:30.328+00,15,6626.593682,21.40043136,20,32.78674615,3.92833932,0.042553191,0,0.329787234,0.180851064,0.010638298,0.404255319,0.425531915,32.32447972,48.18898185,0.050505051
164,e51d2272-f992-4d24-b4cb-a995902396db,"12019 Georgia Ave, Silver Spring, MD 20902, USA (39.0523293, -77.0503178)","5342 S Center Dr, Greenbelt, MD 20770, USA (39.0020866394043, -76.9143142700195)",drive,39.05232239,-77.05033112,39.00256348,-76.91592407,2018-06-09 22:15:35+00,2018-06-09 22:44:11+00,28,21608,25.84463379,56.54741747,34.15696484,13.42070034,0.304878049,0.033101045,0.345818815,0.183797909,0.00087108,0.456445993,0.43989547,37.0160797,53.93373225,0
165,e586aa0b-121d-4f51-964d-96b60ac14c62,"8314 Paint Branch Drive (38.9935693005463, -76.937248734829)","Giant Food (38.9994446, -76.9106374)",drive,38.99449433,-76.93722325,38.998538,-76.91188107,2018-05-03 22:28:13.072+00,2018-05-03 22:37:31.124+00,9,3786.592187,19.8227938,83.42759699,18.86107217,2.349161477,0.084078712,0,0.314847943,0.152057245,0.001788909,0.40608229,0.454382826,31.70603896,45.87139702,0
166,e5a62a08-9769-4b4f-8bb2-14b5c4ffb2e8,"14716 Potomac Mills Road (38.6301878489656, -77.2955223009807)","5532 Eastbourne Drive (38.799208, -77.2428278)",drive,38.63019498,-77.29551769,38.79870224,-77.24433885,2018-05-29 21:16:39.001+00,2018-05-29 21:45:38.598+00,28,27768.25932,26.36740214,68.16449211,35.99552437,17.25403994,0.444837758,0.064306785,0.158702065,0.027728614,0.000589971,0.506784661,0.466076696,3.394272408,6.527320121,0.00528169
167,e69df352-c595-40ff-8396-f4232b07313f,"946 J Clyde Morris Boulevard (37.0941548981118, -76.4585260581937)","273 Gooch Drive (37.271159, -76.7140719)",drive,37.09418796,-76.45860468,37.27028463,-76.70687783,2018-05-20 19:11:01.126+00,2018-05-20 20:35:07.774+00,84,38117.56688,20.39175844,20,20.4819366,23.68073248,0.22319933,0.068676717,0.29459799,0.131281407,0.00020938,0.448283082,0.479061977,96.20571748,114.0649748,0.009950249
168,ebeb359b-274a-4dae-84ce-941827a69bb7,"8483 Paint Branch Drive (38.9942172845675, -76.9364426538447)","5342 S Center Dr (39.002088, -76.914318)",drive,38.99421728,-76.93644265,38.99810675,-76.92222687,2018-05-22 16:16:36.19+00,2018-05-22 16:22:03.415+00,5,3229.434339,23.20562439,67.75530868,23.8876015,1.908696722,0.182108626,0,0.373801917,0.182108626,0.003194888,0.523961661,0.434504792,40.05906128,52.49344245,0.003184713
169,ec1ca905-742d-4f52-bd20-467eea19a94e,"5033 Garrett Ave, Beltsville, MD 20705, USA (39.0412373, -76.9055307)","9308 Cherry Hill Rd, College Park, MD 20740, USA (39.0178413391113, -76.938232421875)",drive,39.04126358,-76.90564728,39.01826096,-76.93674469,2018-05-28 17:07:02+00,2018-05-28 17:15:08+00,8,4709,23.83341685,78.44113788,25.00238006,2.932026666,0,0,0.373088685,0.226299694,0.003058104,0.474006116,0.49235474,46.01706482,56.2139162,0
170,ecbd603d-561a-4b12-9f62-d5d320f1d7cd,"5236 42nd Street Northwest (38.9584799716612, -77.0822429192039)","Beauvoir, The National Cathedral Elementary School (38.9298955, -77.0677969)",drive,38.95854351,-77.08211015,38.93106275,-77.06857751,2018-07-02 19:14:53.867+00,2018-07-02 19:25:57.316+00,11,3777.706896,19.27871342,75.05712955,17.17869763,2.348942212,0,0,0.34939759,0.227409639,0.001506024,0.43373494,0.432228916,42.3064356,57.25263063,0
171,f19623f8-6339-4818-bbda-0a74837aa4ae,"Anacostia Tributary Trail System (38.9932705467895, -76.9356092857226)","Costco Wholesale (39.0324271, -76.9079331)",drive,38.99357022,-76.93694321,39.03204043,-76.90956431,2018-05-18 20:45:56.985+00,2018-05-18 21:16:05.216+00,30,6860.952185,17.4581982,47.04920308,13.68402644,4.263867011,0.022664456,0,0.247650636,0.121614151,0.000552792,0.357656164,0.391376451,24.79002882,36.44226119,0
172,f3731ef2-4038-407a-ae71-0c22b00fbac3,"8314 Paint Branch Drive (38.9933752175784, -76.9369614031882)","5910 Greenbelt Road (38.9985941, -76.9132119)",drive,38.99378166,-76.93708453,38.9980651,-76.91465842,2018-05-17 22:11:20.382+00,2018-05-17 22:17:46.21+00,6,3441.311489,22.06533207,48.34607783,22.92434863,2.13510566,0.088082902,0,0.352331606,0.186528497,0.002590674,0.455958549,0.479274611,37.57054173,57.8523653,0
173,f3771c7c-7aec-4eb0-97a2-a156bff72e2d,"8228 Paint Branch Drive (38.9907992491742, -76.937693035785)","Yett Gol (39.0607129, -77.0486278)",drive,38.99369071,-76.93649596,39.06036984,-77.04883693,2018-05-04 22:48:05.873+00,2018-05-04 23:19:41.493+00,31,14606.38515,23.28256803,69.06498778,20.36188476,9.07074451,0.265060241,0,0.34939759,0.228915663,0.012048193,0.421686747,0.469879518,75.26247621,130.6561799,0
174,f53462fe-9368-4c72-9e98-1b444a36498e,"16220-16248 Frederick Road (39.1220469684153, -77.177310349037)","5299 Perring Parkway (39.3516534, -76.5803475)",drive,39.122861,-77.18985273,39.35069713,-76.58153686,2018-05-04 14:03:38.136+00,2018-05-04 15:12:23.537+00,68,98097.07046,27.7449636,31.86569594,53.23681266,55.22810061,0.904761905,0,0.333333333,0.238095238,0.047619048,0.571428571,0.523809524,38.0314973,127.5354471,0.447368421
175,f7ce7abd-917e-4281-a686-51cb5c29f5be,"Alumni Drive (38.9897626592209, -76.9493471738668)","6200 Westchester Park Dr (38.9921522, -76.8992787)",drive,38.98974778,-76.94942806,38.991307,-76.90057512,2018-05-23 00:13:04.575+00,2018-05-23 00:24:16.435+00,11,6223.670194,23.03649614,64.87653012,22.824847,3.863068582,0.145833333,0,0.400297619,0.227678571,0.001488095,0.483630952,0.495535714,40.22802109,55.7683784,0
176,f7d55268-1419-4421-8dfc-8112aa2e2a88,"5316 S Center Dr, Greenbelt, MD 20770, USA (39.002469, -76.9152019)","6600 Coastal Highway (38.388512, -75.064162)",drive,38.99838638,-76.91379547,38.36922455,-75.07078552,2018-05-26 13:42:20+00,2018-05-26 17:39:50+00,237,293159,77.88986101,100,15.03733567,181.9394562,0.12244898,0.013848397,0.285714286,0.145043732,0.000728863,0.335276968,0.375364431,39.56693296,70.4448887,0
177,f99653ca-1a15-4414-9d40-b8afb0c567a2,"5303 Smiths Cove Lane (39.0025814390173, -76.9151350949676)","387 Technology Dr (38.9924213, -76.9387364)",drive,39.00254825,-76.91517659,38.99319015,-76.93731495,2018-05-17 11:50:34.175+00,2018-05-17 12:02:35.235+00,12,4132.47,19.89033525,84.46669615,18.4421468,2.565604841,0.009708738,0,0.294036061,0.153952843,0.001386963,0.389736477,0.378640777,32.67716865,49.30840541,0
178,f9b7298a-42c0-463c-a0b1-e4be98a4b5ea,"109 Billingsgate Ln, Gaithersburg, MD 20877, USA (39.1506643, -77.1778974)","Gaithersburg Middle School (39.1440746, -77.1876965)",drive,39.15058899,-77.17797089,39.14303589,-77.18681335,2018-05-17 11:42:53+00,2018-05-17 11:46:42+00,3,1765,20.49342228,93.74495814,18.69461062,1.097604828,0,0,0.428571429,0.242857143,0.007142857,0.528571429,0.485714286,31.26148596,42.30118519,0
179,fa46b2cb-9848-47df-8af9-7d746fd89946,"5316 South Center Drive (39.0024135981801, -76.9152737657855)","387 Technology Dr (38.9924213, -76.9387364)",drive,39.00245058,-76.9151858,38.99319543,-76.93735912,2018-05-01 13:59:54.923+00,2018-05-01 14:09:18.133+00,9,4283.706435,22.72952319,59.65145858,22.11926453,2.659411107,0.121042831,0,0.305400372,0.147113594,0.001862197,0.407821229,0.432029795,25.6692939,39.0577458,0.007393715
180,fb46c226-5a12-474a-87ea-94a5d58eb06e,"4771 Sellman Rd, Beltsville, MD 20705, USA (39.033907, -76.9097465)","5342 S Center Dr, Greenbelt, MD 20770, USA (39.0020866394043, -76.9143142700195)",drive,39.03297043,-76.90948486,39.00253296,-76.91583252,2018-06-17 21:20:30+00,2018-06-17 21:30:23+00,9,7117,25.70802791,99,29.35610927,4.424839072,0.23929471,0,0.360201511,0.19395466,0.002518892,0.493702771,0.463476071,31.13517361,42.42913796,0
181,fc1ff711-de55-410c-b218-e8bca646f799,"452 Chestnut Street (38.9936347632101, -77.0915420540395)","5640 Nicholson Lane (39.0442447, -77.1130095)",drive,38.99363108,-77.09151414,39.04444133,-77.11308044,2018-05-02 12:10:02.646+00,2018-05-02 12:35:29.854+00,25,6333.988121,11.83792475,20,17.60256576,3.940437933,0.065963061,0,0.340369393,0.131926121,0.002638522,0.46701847,0.509234828,30.6364861,59.05905993,0
182,fce3c6b6-22f5-410b-a18a-c7e6b9993d75,"5530-5532 Eastbourne Drive (38.7991386807947, -77.2425626052906)","9431 West Street (38.7507934, -77.4732371)",drive,38.79916367,-77.24270423,38.74802807,-77.45034849,2018-05-18 07:41:55.887+00,2018-05-18 14:18:51.074+00,396,34476.34211,3.725113205,20,22.99485619,21.37957591,0.593834505,0,0.287182261,0.135208221,0.000540833,0.4802596,0.482963764,54.4585946,95.02902726,0.004308024
183,fe22fb8c-96ff-4147-80be-a534d064b752,"10211 Baltimore Ave, College Park, MD 20740, USA (39.0219446, -76.9246068)","ALDI (39.0329613, -76.9120013)",drive,39.02194214,-76.92460632,39.03169632,-76.91208649,2018-06-29 00:06:26+00,2018-06-29 00:11:37+00,5,1646,19.1503179,73.08181385,16.98001139,1.028144976,0,0,0.335,0.195,0.005,0.37,0.445,45.43963694,58.55512377,0
